CO2,CO2H,CO2T,P1,P10,P25,P4,PAX,alt,co,dsl,hum,lat,lon,main,nh3,pdist,pre,spd,timestamp,tmp
0,0,0,0,0,0,0,18,0,0,GENERIC,52.0,5.3885318,-73.6942608,0,0,0,0,0,2025-08-11 19:15:46,22.350000381469727
0,0,0,0,0,0,0,19,0,0,GENERIC,52.099998474121094,5.3885313,-73.6942596,0,0,0,0,0,2025-08-11 19:15:51,22.420000076293945
0,0,0,0,0,0,0,17,0,0,GENERIC,52.060001373291016,5.3885301,-73.6942598,0,0,0,0,0,2025-08-11 19:15:56,22.3700008392334
0,0,0,0,0,0,0,17,0,0,GENERIC,51.810001373291016,5.3885309,-73.6942609,0,0,0,0,0,2025-08-11 19:16:01,22.469999313354492
0,0,0,0,0,0,0,17,0,0,GENERIC,51.70000076293945,5.3885324,-73.6942601,0,0,0,0,0,2025-08-11 19:16:06,22.479999542236328
0,0,0,0,0,0,0,16,0,0,GENERIC,51.54999923706055,5.3885326,-73.6942608,0,0,0,0,0,2025-08-11 19:16:11,22.549999237060547
0,0,0,0,1,0,0,16,0,0,GENERIC,51.209999084472656,5.3885329,-73.6942578,0,0,0,0,0,2025-08-11 19:16:16,22.479999542236328
0,0,0,0,1,1,0,16,0,0,GENERIC,51.02000045776367,5.3885496,-73.6942438,0,0,2,0,1,2025-08-11 19:16:21,22.25
0,0,0,0,1,1,0,13,0,0,GENERIC,51.16999816894531,5.3885394,-73.6942623,0,0,4,0,0,2025-08-11 19:16:26,22.350000381469727
0,0,0,0,2,1,0,14,0,0,GENERIC,51.099998474121094,5.3885303,-73.6942606,0,0,5,0,0,2025-08-11 19:16:31,22.31999969482422
0,0,0,0,1,0,0,13,0,0,GENERIC,51.08000183105469,5.3885272,-73.6942544,0,0,5,0,0,2025-08-11 19:16:36,22.3700008392334
0,0,0,0,0,0,0,13,0,0,GENERIC,51.22999954223633,5.3885267,-73.6942533,0,0,5,0,0,2025-08-11 19:16:41,22.450000762939453
0,0,0,0,1,0,0,14,0,0,GENERIC,51.27000045776367,5.3885267,-73.6942533,0,0,5,0,0,2025-08-11 19:16:46,22.479999542236328
0,0,0,0,1,0,0,13,0,0,GENERIC,51.25,5.3885267,-73.6942533,0,0,5,0,0,2025-08-11 19:16:51,22.40999984741211
0,0,0,0,1,0,0,14,0,0,GENERIC,50.880001068115234,5.3885267,-73.6942533,0,0,5,0,0,2025-08-11 19:16:56,22.309999465942383
0,0,0,0,1,0,0,14,0,0,GENERIC,50.75,5.3885267,-73.6942533,0,0,5,0,0,2025-08-11 19:17:01,22.31999969482422
0,0,0,0,0,0,0,12,0,0,GENERIC,51.08000183105469,5.3885267,-73.6942533,0,0,5,0,0,2025-08-11 19:17:06,22.34000015258789
0,0,0,0,0,0,0,13,0,0,GENERIC,51.439998626708984,5.3885267,-73.6942533,0,0,5,0,0,2025-08-11 19:17:11,22.40999984741211
0,0,0,0,0,0,0,11,0,0,GENERIC,51.54999923706055,5.3885267,-73.6942533,0,0,5,0,0,2025-08-11 19:17:16,22.479999542236328
0,0,0,0,0,0,0,12,0,0,GENERIC,51.369998931884766,5.3885267,-73.6942533,0,0,5,0,0,2025-08-11 19:17:21,22.530000686645508
0,0,0,0,0,0,0,12,0,0,GENERIC,51.790000915527344,5.3885267,-73.6942533,0,0,5,0,0,2025-08-11 19:17:26,22.530000686645508
0,0,0,0,0,0,0,12,0,0,GENERIC,51.959999084472656,5.3885267,-73.6942533,0,0,5,0,0,2025-08-11 19:17:31,22.59000015258789
0,0,0,0,0,0,0,13,0,0,GENERIC,51.939998626708984,5.3885267,-73.6942533,0,0,5,0,0,2025-08-11 19:17:36,22.510000228881836
0,0,0,0,0,0,0,12,0,0,GENERIC,52.060001373291016,5.3885267,-73.6942533,0,0,5,0,0,2025-08-11 19:17:41,22.420000076293945
0,0,0,0,1,1,0,12,0,0,GENERIC,51.65999984741211,5.3885267,-73.6942533,0,0,5,0,0,2025-08-11 19:17:46,22.309999465942383
0,0,0,0,2,1,0,13,0,0,GENERIC,51.709999084472656,5.3885267,-73.6942533,0,0,5,0,0,2025-08-11 19:17:51,22.3799991607666
0,0,0,0,3,2,0,12,0,0,GENERIC,51.540000915527344,5.3885267,-73.6942533,0,0,5,0,0,2025-08-11 19:17:56,22.40999984741211
0,0,0,0,2,1,0,13,0,0,GENERIC,51.5,5.3885267,-73.6942533,0,0,5,0,0,2025-08-11 19:18:01,22.350000381469727
0,0,0,0,1,1,0,13,0,0,GENERIC,51.400001525878906,5.3885267,-73.6942533,0,0,5,0,0,2025-08-11 19:18:06,22.389999389648438
0,0,0,0,1,1,0,13,0,0,GENERIC,51.380001068115234,5.3885267,-73.6942533,0,0,5,0,0,2025-08-11 19:18:11,22.389999389648438
0,0,0,0,1,1,0,14,0,0,GENERIC,51.279998779296875,5.3885267,-73.6942533,0,0,5,0,0,2025-08-11 19:18:16,22.440000534057617
0,0,0,0,1,1,0,13,0,0,GENERIC,51.20000076293945,5.3885267,-73.6942533,0,0,5,0,0,2025-08-11 19:18:21,22.34000015258789
0,0,0,0,0,0,0,14,0,0,GENERIC,51.27000045776367,5.3885267,-73.6942533,0,0,5,0,0,2025-08-11 19:18:26,22.420000076293945
0,0,0,0,0,0,0,13,0,0,GENERIC,51.560001373291016,5.3885267,-73.6942533,0,0,5,0,0,2025-08-11 19:18:31,22.440000534057617
0,0,0,0,0,0,0,13,0,0,GENERIC,52.04999923706055,5.3885267,-73.6942533,0,0,5,0,0,2025-08-11 19:18:36,22.469999313354492
0,0,0,0,0,0,0,14,0,0,GENERIC,52.130001068115234,5.3885267,-73.6942533,0,0,5,0,0,2025-08-11 19:18:41,22.489999771118164
0,0,0,0,1,1,0,13,0,0,GENERIC,52.25,5.3885267,-73.6942533,0,0,5,0,0,2025-08-11 19:18:46,22.530000686645508
0,0,0,0,1,1,0,13,0,0,GENERIC,52.189998626708984,5.3885267,-73.6942533,0,0,5,0,0,2025-08-11 19:18:51,22.530000686645508
0,0,0,0,1,1,0,14,0,0,GENERIC,52.470001220703125,5.3885267,-73.6942533,0,0,5,0,0,2025-08-11 19:18:56,22.530000686645508
0,0,0,0,2,1,0,13,0,0,GENERIC,52.75,5.3885267,-73.6942533,0,0,5,0,0,2025-08-11 19:19:01,22.579999923706055
0,0,0,0,1,0,0,14,0,0,GENERIC,52.59000015258789,5.3885267,-73.6942533,0,0,5,0,0,2025-08-11 19:19:07,22.420000076293945
0,0,0,0,1,0,0,13,0,0,GENERIC,52.380001068115234,5.3885267,-73.6942533,0,0,5,0,0,2025-08-11 19:19:11,22.389999389648438
0,0,0,0,1,0,0,13,0,0,GENERIC,52.470001220703125,5.3885267,-73.6942533,0,0,5,0,0,2025-08-11 19:19:16,22.420000076293945
0,0,0,0,0,0,0,14,0,0,GENERIC,52.349998474121094,5.3885267,-73.6942533,0,0,5,0,0,2025-08-11 19:19:21,22.309999465942383
0,0,0,0,0,0,0,13,0,0,GENERIC,52.380001068115234,5.3885267,-73.6942533,0,0,5,0,0,2025-08-11 19:19:26,22.18000030517578
0,0,0,0,0,0,0,14,0,0,GENERIC,52.689998626708984,5.3885267,-73.6942533,0,0,5,0,0,2025-08-11 19:19:31,22.31999969482422
0,0,0,0,0,0,0,14,0,0,GENERIC,53.220001220703125,5.3885267,-73.6942533,0,0,5,0,0,2025-08-11 19:19:36,22.350000381469727
0,0,0,0,0,0,0,12,0,0,GENERIC,53.18000030517578,5.3885267,-73.6942533,0,0,5,0,0,2025-08-11 19:19:42,22.34000015258789
0,0,0,0,0,0,0,13,0,0,GENERIC,52.810001373291016,5.3885267,-73.6942533,0,0,5,0,0,2025-08-11 19:19:46,22.31999969482422
0,0,0,0,1,1,0,12,0,0,GENERIC,52.36000061035156,5.3885267,-73.6942533,0,0,5,0,0,2025-08-11 19:19:52,22.3700008392334
0,0,0,0,1,1,0,12,0,0,GENERIC,52.40999984741211,5.3885267,-73.6942533,0,0,5,0,0,2025-08-11 19:19:56,22.299999237060547
0,0,0,0,1,1,0,13,0,0,GENERIC,52.849998474121094,5.3885156,-73.6942444,0,0,6,0,0,2025-08-11 19:20:01,22.149999618530273
0,0,0,0,1,1,0,12,0,0,GENERIC,53.06999969482422,5.3885167,-73.69425,0,0,6,0,0,2025-08-11 19:20:07,22.209999084472656
0,0,0,0,1,1,0,13,0,0,GENERIC,53.5099983215332,5.3885167,-73.69425,0,0,6,0,0,2025-08-11 19:20:11,22.239999771118164
0,0,0,0,0,0,0,12,0,0,GENERIC,53.650001525878906,5.3885167,-73.69425,0,0,6,0,0,2025-08-11 19:20:17,22.219999313354492
0,0,0,0,1,1,0,12,0,0,GENERIC,53.68000030517578,5.3885167,-73.69425,0,0,6,0,0,2025-08-11 19:20:21,22.139999389648438
0,0,0,0,1,1,0,13,0,0,GENERIC,53.869998931884766,5.3885167,-73.69425,0,0,6,0,0,2025-08-11 19:20:26,21.75
0,0,0,0,0,0,0,12,0,0,GENERIC,53.650001525878906,5.3885167,-73.69425,0,0,6,0,0,2025-08-11 19:20:31,21.600000381469727
0,0,0,0,1,1,0,13,0,0,GENERIC,54.25,5.3885167,-73.69425,0,0,6,0,0,2025-08-11 19:20:36,21.719999313354492
0,0,0,0,1,1,0,13,0,0,GENERIC,54.54999923706055,5.3885167,-73.69425,0,0,6,0,0,2025-08-11 19:20:42,21.790000915527344
0,0,0,0,1,1,0,12,0,0,GENERIC,54.4900016784668,5.3885167,-73.69425,0,0,6,0,0,2025-08-11 19:20:46,21.860000610351562
0,0,0,0,0,0,0,13,0,0,GENERIC,54.540000915527344,5.3885167,-73.69425,0,0,6,0,0,2025-08-11 19:20:51,21.75
0,0,0,0,1,1,0,12,0,0,GENERIC,54.84000015258789,5.3885167,-73.69425,0,0,6,0,0,2025-08-11 19:20:56,21.81999969482422
0,0,0,0,0,0,0,12,0,0,GENERIC,54.90999984741211,5.3885167,-73.69425,0,0,6,0,0,2025-08-11 19:21:02,21.84000015258789
0,0,0,0,1,1,0,13,0,0,GENERIC,54.88999938964844,5.3885167,-73.69425,0,0,6,0,0,2025-08-11 19:21:07,21.829999923706055
0,0,0,0,1,1,0,12,0,0,GENERIC,55.099998474121094,5.3885167,-73.69425,0,0,6,0,0,2025-08-11 19:21:12,21.829999923706055
0,0,0,0,1,1,0,13,0,0,GENERIC,55.130001068115234,5.3885304,-73.6942415,0,0,7,0,0,2025-08-11 19:21:16,21.75
0,0,0,0,0,0,0,13,0,0,GENERIC,54.56999969482422,5.3885303,-73.6942497,0,0,7,0,0,2025-08-11 19:21:21,21.350000381469727
0,0,0,0,0,0,0,12,0,0,GENERIC,54.90999984741211,5.3885298,-73.6942519,0,0,7,0,0,2025-08-11 19:21:27,21.389999389648438
0,0,0,0,1,1,0,13,0,0,GENERIC,56.04999923706055,5.3885306,-73.6942517,0,0,7,0,0,2025-08-11 19:21:31,21.450000762939453
0,0,0,0,1,1,0,12,0,0,GENERIC,55.97999954223633,5.3885311,-73.6942519,0,0,7,0,0,2025-08-11 19:21:37,21.420000076293945
0,0,0,0,1,1,0,13,0,0,GENERIC,56.40999984741211,5.38853,-73.6942517,0,0,7,0,0,2025-08-11 19:21:42,21.479999542236328
0,0,0,0,1,1,0,14,0,0,GENERIC,56.83000183105469,5.38853,-73.6942517,0,0,7,0,0,2025-08-11 19:21:47,21.479999542236328
0,0,0,0,1,1,0,13,0,0,GENERIC,56.56999969482422,5.38853,-73.6942517,0,0,7,0,0,2025-08-11 19:21:52,21.520000457763672
0,0,0,0,1,1,0,14,0,0,GENERIC,56.36000061035156,5.38853,-73.6942517,0,0,7,0,0,2025-08-11 19:21:57,21.479999542236328
0,0,0,0,0,0,0,13,0,0,GENERIC,56.209999084472656,5.38853,-73.6942517,0,0,7,0,0,2025-08-11 19:22:02,21.579999923706055
0,0,0,0,0,0,0,13,0,0,GENERIC,56.060001373291016,5.38853,-73.6942517,0,0,7,0,0,2025-08-11 19:22:07,21.520000457763672
0,0,0,0,2,2,0,14,0,0,GENERIC,55.619998931884766,5.38853,-73.6942517,0,0,7,0,0,2025-08-11 19:22:12,21.59000015258789
0,0,0,0,1,1,0,12,0,0,GENERIC,55.02000045776367,5.38853,-73.6942517,0,0,7,0,0,2025-08-11 19:22:16,21.5
0,0,0,0,0,0,0,12,0,0,GENERIC,54.84000015258789,5.38853,-73.6942517,0,0,7,0,0,2025-08-11 19:22:22,21.530000686645508
0,0,0,0,0,0,0,12,0,0,GENERIC,55.0,5.38853,-73.6942517,0,0,7,0,0,2025-08-11 19:22:26,21.549999237060547
0,0,0,0,0,0,0,11,0,0,GENERIC,55.709999084472656,5.38853,-73.6942517,0,0,7,0,0,2025-08-11 19:22:32,21.559999465942383
0,0,0,0,0,0,0,12,0,0,GENERIC,56.02000045776367,5.38853,-73.6942517,0,0,7,0,0,2025-08-11 19:22:37,21.549999237060547
0,0,0,0,0,0,0,11,0,0,GENERIC,55.84000015258789,5.38853,-73.6942517,0,0,7,0,0,2025-08-11 19:22:42,21.549999237060547
0,0,0,0,1,1,0,11,0,0,GENERIC,55.310001373291016,5.38853,-73.6942517,0,0,7,0,0,2025-08-11 19:22:47,21.549999237060547
0,0,0,0,1,1,0,12,0,0,GENERIC,55.290000915527344,5.38853,-73.6942517,0,0,7,0,0,2025-08-11 19:22:52,21.520000457763672
0,0,0,0,1,1,0,11,0,0,GENERIC,55.36000061035156,5.38853,-73.6942517,0,0,7,0,0,2025-08-11 19:22:57,21.549999237060547
0,0,0,0,2,2,0,12,0,0,GENERIC,55.33000183105469,5.38853,-73.6942517,0,0,7,0,0,2025-08-11 19:23:02,21.520000457763672
0,0,0,0,1,1,0,11,0,0,GENERIC,55.54999923706055,5.38853,-73.6942517,0,0,7,0,0,2025-08-11 19:23:07,21.549999237060547
0,0,0,0,1,1,0,11,0,0,GENERIC,56.0,5.38853,-73.6942517,0,0,7,0,0,2025-08-11 19:23:11,21.579999923706055
0,0,0,0,1,1,0,12,0,0,GENERIC,55.709999084472656,5.38853,-73.6942517,0,0,7,0,0,2025-08-11 19:23:17,21.549999237060547
0,0,0,0,1,1,0,11,0,0,GENERIC,55.630001068115234,5.38853,-73.6942517,0,0,7,0,0,2025-08-11 19:23:22,21.559999465942383
0,0,0,0,1,1,0,12,0,0,GENERIC,55.619998931884766,5.38853,-73.6942517,0,0,7,0,0,2025-08-11 19:23:27,21.579999923706055
0,0,0,0,1,1,0,13,0,0,GENERIC,55.540000915527344,5.38853,-73.6942517,0,0,7,0,0,2025-08-11 19:23:32,21.59000015258789
0,0,0,0,1,1,0,12,0,0,GENERIC,55.45000076293945,5.38853,-73.6942517,0,0,7,0,0,2025-08-11 19:23:37,21.559999465942383
0,0,0,0,1,1,0,13,0,0,GENERIC,55.380001068115234,5.38853,-73.6942517,0,0,7,0,0,2025-08-11 19:23:42,21.579999923706055
0,0,0,0,1,1,0,12,0,0,GENERIC,55.33000183105469,5.38853,-73.6942517,0,0,7,0,0,2025-08-11 19:23:47,21.600000381469727
0,0,0,0,1,1,0,12,0,0,GENERIC,55.29999923706055,5.38853,-73.6942517,0,0,7,0,0,2025-08-11 19:23:52,21.600000381469727
0,0,0,0,1,1,0,13,0,0,GENERIC,55.22999954223633,5.38853,-73.6942517,0,0,7,0,0,2025-08-11 19:23:57,21.59000015258789
0,0,0,0,2,1,0,12,0,0,GENERIC,55.09000015258789,5.38853,-73.6942517,0,0,7,0,0,2025-08-11 19:24:02,21.6299991607666
0,0,0,0,2,1,0,13,0,0,GENERIC,54.83000183105469,5.38853,-73.6942517,0,0,7,0,0,2025-08-11 19:24:07,21.65999984741211
0,0,0,0,2,1,0,13,0,0,GENERIC,54.72999954223633,5.38853,-73.6942517,0,0,7,0,0,2025-08-11 19:24:12,21.670000076293945
0,0,0,0,1,1,0,11,0,0,GENERIC,54.619998931884766,5.38853,-73.6942517,0,0,7,0,0,2025-08-11 19:24:17,21.579999923706055
0,0,0,0,1,1,0,12,0,0,GENERIC,54.369998931884766,5.38853,-73.6942517,0,0,7,0,0,2025-08-11 19:24:22,21.600000381469727
0,0,0,0,1,1,0,11,0,0,GENERIC,54.290000915527344,5.38853,-73.6942517,0,0,7,0,0,2025-08-11 19:24:27,21.6200008392334
0,0,0,0,1,1,0,11,0,0,GENERIC,54.34000015258789,5.38853,-73.6942517,0,0,7,0,0,2025-08-11 19:24:32,21.649999618530273
0,0,0,0,1,1,0,12,0,0,GENERIC,54.34000015258789,5.38853,-73.6942517,0,0,7,0,0,2025-08-11 19:24:37,21.670000076293945
0,0,0,0,1,1,0,11,0,0,GENERIC,54.08000183105469,5.38853,-73.6942517,0,0,7,0,0,2025-08-11 19:24:42,21.649999618530273
0,0,0,0,1,1,0,12,0,0,GENERIC,54.099998474121094,5.38853,-73.6942517,0,0,7,0,0,2025-08-11 19:24:47,21.690000534057617
0,0,0,0,2,2,0,11,0,0,GENERIC,54.150001525878906,5.38853,-73.6942517,0,0,7,0,0,2025-08-11 19:24:52,21.6299991607666
0,0,0,0,1,1,0,11,0,0,GENERIC,54.27000045776367,5.38853,-73.6942517,0,0,7,0,0,2025-08-11 19:24:57,21.65999984741211
0,0,0,0,2,2,0,12,0,0,GENERIC,54.2599983215332,5.3885203,-73.6942492,0,0,8,0,0,2025-08-11 19:25:02,21.6200008392334
0,0,0,0,2,1,0,11,0,0,GENERIC,54.369998931884766,5.3885083,-73.694245,0,0,9,0,0,2025-08-11 19:25:07,21.6299991607666
0,0,0,0,1,1,0,12,0,0,GENERIC,54.08000183105469,5.3885083,-73.694245,0,0,9,0,0,2025-08-11 19:25:12,21.600000381469727
0,0,0,0,2,2,0,12,0,0,GENERIC,53.790000915527344,5.3885083,-73.694245,0,0,9,0,0,2025-08-11 19:25:17,21.600000381469727
0,0,0,0,3,2,0,11,0,0,GENERIC,53.689998626708984,5.3885083,-73.694245,0,0,9,0,0,2025-08-11 19:25:22,21.549999237060547
0,0,0,0,3,2,0,12,0,0,GENERIC,53.5,5.3885083,-73.694245,0,0,9,0,0,2025-08-11 19:25:26,21.530000686645508
0,0,0,0,2,1,0,11,0,0,GENERIC,53.439998626708984,5.3885083,-73.694245,0,0,9,0,0,2025-08-11 19:25:32,21.520000457763672
0,0,0,0,2,1,0,11,0,0,GENERIC,53.54999923706055,5.3885083,-73.694245,0,0,9,0,0,2025-08-11 19:25:37,21.530000686645508
0,0,0,0,1,1,0,12,0,0,GENERIC,53.66999816894531,5.3885083,-73.694245,0,0,9,0,0,2025-08-11 19:25:42,21.549999237060547
0,0,0,0,1,0,0,11,0,0,GENERIC,53.86000061035156,5.3885083,-73.694245,0,0,9,0,0,2025-08-11 19:25:47,21.520000457763672
0,0,0,0,1,0,0,12,0,0,GENERIC,53.970001220703125,5.3885083,-73.694245,0,0,9,0,0,2025-08-11 19:25:52,21.5
0,0,0,0,1,1,0,11,0,0,GENERIC,54.27000045776367,5.3885083,-73.694245,0,0,9,0,0,2025-08-11 19:25:57,21.459999084472656
0,0,0,0,1,1,0,11,0,0,GENERIC,54.310001373291016,5.3885083,-73.694245,0,0,9,0,0,2025-08-11 19:26:02,21.489999771118164
0,0,0,0,1,1,0,12,0,0,GENERIC,54.400001525878906,5.3885083,-73.694245,0,0,9,0,0,2025-08-11 19:26:07,21.459999084472656
0,0,0,0,1,1,0,11,0,0,GENERIC,54.540000915527344,5.3885083,-73.694245,0,0,9,0,0,2025-08-11 19:26:11,21.5
0,0,0,0,1,1,0,12,0,0,GENERIC,54.369998931884766,5.3885083,-73.694245,0,0,9,0,0,2025-08-11 19:26:17,21.450000762939453
0,0,0,0,1,1,0,12,0,0,GENERIC,54.16999816894531,5.3885083,-73.694245,0,0,9,0,0,2025-08-11 19:26:22,21.420000076293945
0,0,0,0,1,1,0,11,0,0,GENERIC,54.189998626708984,5.3885083,-73.694245,0,0,9,0,0,2025-08-11 19:26:27,21.459999084472656
0,0,0,0,1,1,0,12,0,0,GENERIC,54.29999923706055,5.3885083,-73.694245,0,0,9,0,0,2025-08-11 19:26:32,21.459999084472656
0,0,0,0,1,1,0,11,0,0,GENERIC,54.33000183105469,5.3885083,-73.694245,0,0,9,0,0,2025-08-11 19:26:37,21.450000762939453
0,0,0,0,3,1,0,11,0,0,GENERIC,54.20000076293945,5.3885083,-73.694245,0,0,9,0,0,2025-08-11 19:26:42,21.420000076293945
0,0,0,0,3,2,0,12,0,0,GENERIC,54.189998626708984,5.3885083,-73.694245,0,0,9,0,0,2025-08-11 19:26:46,21.43000030517578
0,0,0,0,3,1,0,11,0,0,GENERIC,53.93000030517578,5.3885083,-73.694245,0,0,9,0,0,2025-08-11 19:26:52,21.40999984741211
0,0,0,0,1,0,0,12,0,0,GENERIC,53.75,5.3885083,-73.694245,0,0,9,0,0,2025-08-11 19:26:56,21.450000762939453
0,0,0,0,0,0,0,12,0,0,GENERIC,53.70000076293945,5.3885083,-73.694245,0,0,9,0,0,2025-08-11 19:27:02,21.459999084472656
0,0,0,0,0,0,0,10,0,0,GENERIC,53.81999969482422,5.3885083,-73.694245,0,0,9,0,0,2025-08-11 19:27:07,21.459999084472656
0,0,0,0,0,0,0,11,0,0,GENERIC,53.849998474121094,5.3885083,-73.694245,0,0,9,0,0,2025-08-11 19:27:12,21.43000030517578
0,0,0,0,1,1,0,10,0,0,GENERIC,53.86000061035156,5.3885083,-73.694245,0,0,9,0,0,2025-08-11 19:27:17,21.43000030517578
0,0,0,0,3,3,0,11,0,0,GENERIC,53.7400016784668,5.3885083,-73.694245,0,0,9,0,0,2025-08-11 19:27:22,21.420000076293945
0,0,0,0,2,2,0,12,0,0,GENERIC,54.04999923706055,5.3885083,-73.694245,0,0,9,0,0,2025-08-11 19:27:27,21.450000762939453
0,0,0,0,1,1,0,11,0,0,GENERIC,54.04999923706055,5.3885083,-73.694245,0,0,9,0,0,2025-08-11 19:27:32,21.389999389648438
0,0,0,0,1,1,0,12,0,0,GENERIC,53.97999954223633,5.3885083,-73.694245,0,0,9,0,0,2025-08-11 19:27:37,21.420000076293945
0,0,0,0,1,1,0,11,0,0,GENERIC,54.20000076293945,5.3885083,-73.694245,0,0,9,0,0,2025-08-11 19:27:42,21.389999389648438
0,0,0,0,1,1,0,11,0,0,GENERIC,54.43000030517578,5.3885083,-73.694245,0,0,9,0,0,2025-08-11 19:27:47,21.43000030517578
0,0,0,0,2,2,0,12,0,0,GENERIC,54.599998474121094,5.3885083,-73.694245,0,0,9,0,0,2025-08-11 19:27:52,21.420000076293945
0,0,0,0,3,2,0,11,0,0,GENERIC,54.689998626708984,5.3885083,-73.694245,0,0,9,0,0,2025-08-11 19:27:57,21.420000076293945
0,0,0,0,3,2,0,12,0,0,GENERIC,54.560001373291016,5.3885083,-73.694245,0,0,9,0,0,2025-08-11 19:28:02,21.40999984741211
0,0,0,0,3,2,0,12,0,0,GENERIC,54.25,5.3885083,-73.694245,0,0,9,0,0,2025-08-11 19:28:07,21.420000076293945
0,0,0,0,3,2,0,11,0,0,GENERIC,54.02000045776367,5.3885083,-73.694245,0,0,9,0,0,2025-08-11 19:28:12,21.3799991607666
0,0,0,0,1,1,0,12,0,0,GENERIC,53.88999938964844,5.3885083,-73.694245,0,0,9,0,0,2025-08-11 19:28:17,21.34000015258789
0,0,0,0,2,2,0,11,0,0,GENERIC,53.869998931884766,5.3885083,-73.694245,0,0,9,0,0,2025-08-11 19:28:22,21.34000015258789
0,0,0,0,2,2,0,11,0,0,GENERIC,54.0099983215332,5.3885083,-73.694245,0,0,9,0,0,2025-08-11 19:28:27,21.3799991607666
0,0,0,0,1,1,0,12,0,0,GENERIC,54.08000183105469,5.3885083,-73.694245,0,0,9,0,0,2025-08-11 19:28:32,21.34000015258789
0,0,0,0,3,2,0,11,0,0,GENERIC,54.099998474121094,5.3885083,-73.694245,0,0,9,0,0,2025-08-11 19:28:37,21.34000015258789
0,0,0,0,3,2,0,12,0,0,GENERIC,54.04999923706055,5.3885083,-73.694245,0,0,9,0,0,2025-08-11 19:28:42,21.40999984741211
0,0,0,0,4,3,0,11,0,0,GENERIC,54.0099983215332,5.3885083,-73.694245,0,0,9,0,0,2025-08-11 19:28:47,21.3799991607666
0,0,0,0,2,2,0,11,0,0,GENERIC,53.97999954223633,5.3885083,-73.694245,0,0,9,0,0,2025-08-11 19:28:52,21.3799991607666
0,0,0,0,2,2,0,12,0,0,GENERIC,53.790000915527344,5.3885083,-73.694245,0,0,9,0,0,2025-08-11 19:28:56,21.3799991607666
0,0,0,0,1,1,0,11,0,0,GENERIC,53.900001525878906,5.3885083,-73.694245,0,0,9,0,0,2025-08-11 19:29:02,21.389999389648438
0,0,0,0,1,1,0,12,0,0,GENERIC,53.939998626708984,5.3885083,-73.694245,0,0,9,0,0,2025-08-11 19:29:07,21.3700008392334
0,0,0,0,1,1,0,12,0,0,GENERIC,53.9900016784668,5.3885083,-73.694245,0,0,9,0,0,2025-08-11 19:29:12,21.3799991607666
0,0,0,0,1,1,0,11,0,0,GENERIC,53.900001525878906,5.3885083,-73.694245,0,0,9,0,0,2025-08-11 19:29:17,21.40999984741211
0,0,0,0,2,2,0,12,0,0,GENERIC,53.7599983215332,5.3885083,-73.694245,0,0,9,0,0,2025-08-11 19:29:22,21.389999389648438
0,0,0,0,2,2,0,11,0,0,GENERIC,53.77000045776367,5.3885083,-73.694245,0,0,9,0,0,2025-08-11 19:29:27,21.40999984741211
0,0,0,0,2,2,0,11,0,0,GENERIC,53.779998779296875,5.3885083,-73.694245,0,0,9,0,0,2025-08-11 19:29:32,21.420000076293945
0,0,0,0,2,2,0,12,0,0,GENERIC,53.88999938964844,5.3885083,-73.694245,0,0,9,0,0,2025-08-11 19:29:37,21.389999389648438
0,0,0,0,1,1,0,11,0,0,GENERIC,53.90999984741211,5.3885083,-73.694245,0,0,9,0,0,2025-08-11 19:29:42,21.40999984741211
0,0,0,0,2,2,0,12,0,0,GENERIC,54.099998474121094,5.3885083,-73.694245,0,0,9,0,0,2025-08-11 19:29:47,21.389999389648438
0,0,0,0,2,2,0,11,0,0,GENERIC,54.209999084472656,5.3885083,-73.694245,0,0,9,0,0,2025-08-11 19:29:52,21.389999389648438
0,0,0,0,1,1,0,11,0,0,GENERIC,54.099998474121094,5.3885083,-73.694245,0,0,9,0,0,2025-08-11 19:29:57,21.350000381469727
0,0,0,0,3,3,0,12,0,0,GENERIC,54.119998931884766,5.3885083,-73.694245,0,0,9,0,0,2025-08-11 19:30:02,21.34000015258789
0,0,0,0,3,3,0,11,0,0,GENERIC,54.06999969482422,5.3885083,-73.694245,0,0,9,0,0,2025-08-11 19:30:07,21.31999969482422
0,0,0,0,3,3,0,12,0,0,GENERIC,54.220001220703125,5.3885083,-73.694245,0,0,9,0,0,2025-08-11 19:30:12,21.34000015258789
0,0,0,0,4,3,0,12,0,0,GENERIC,54.310001373291016,5.3885083,-73.694245,0,0,9,0,0,2025-08-11 19:30:17,21.309999465942383
0,0,0,0,2,2,0,11,0,0,GENERIC,54.29999923706055,5.3885083,-73.694245,0,0,9,0,0,2025-08-11 19:30:22,21.280000686645508
0,0,0,0,2,2,0,12,0,0,GENERIC,54.41999816894531,5.3885083,-73.694245,0,0,9,0,0,2025-08-11 19:30:27,21.290000915527344
0,0,0,0,3,2,0,11,0,0,GENERIC,54.459999084472656,5.3885083,-73.694245,0,0,9,0,0,2025-08-11 19:30:32,21.270000457763672
0,0,0,0,4,4,0,11,0,0,GENERIC,54.43000030517578,5.3885083,-73.694245,0,0,9,0,0,2025-08-11 19:30:37,21.290000915527344
0,0,0,0,5,4,0,12,0,0,GENERIC,54.22999954223633,5.3885083,-73.694245,0,0,9,0,0,2025-08-11 19:30:42,21.25
0,0,0,0,5,4,0,11,0,0,GENERIC,54.540000915527344,5.3885083,-73.694245,0,0,9,0,0,2025-08-11 19:30:47,21.239999771118164
0,0,0,0,3,3,0,12,0,0,GENERIC,54.54999923706055,5.3885083,-73.694245,0,0,9,0,0,2025-08-11 19:30:52,21.239999771118164
0,0,0,0,4,4,0,12,0,0,GENERIC,54.52000045776367,5.3885381,-73.6942583,0,0,12,0,0,2025-08-11 19:30:57,21.149999618530273
0,0,0,0,5,5,0,12,0,0,GENERIC,54.380001068115234,5.3885386,-73.6942588,0,0,12,0,0,2025-08-11 19:31:02,21.020000457763672
0,0,0,0,5,5,0,13,0,0,GENERIC,54.22999954223633,5.388538,-73.6942583,0,0,12,0,0,2025-08-11 19:31:07,21.0
0,0,0,0,4,4,0,12,0,0,GENERIC,54.11000061035156,5.3885383,-73.694258,0,0,12,0,0,2025-08-11 19:31:12,20.93000030517578
0,0,0,0,4,4,0,13,0,0,GENERIC,54.130001068115234,5.3885394,-73.6942575,0,0,12,0,0,2025-08-11 19:31:17,20.649999618530273
0,0,0,0,4,4,0,15,0,0,GENERIC,54.279998779296875,5.3885383,-73.6942583,0,0,12,0,0,2025-08-11 19:31:22,20.520000457763672
0,0,0,0,2,2,0,14,0,0,GENERIC,54.4900016784668,5.3885383,-73.6942583,0,0,12,0,0,2025-08-11 19:31:27,20.360000610351562
0,0,0,0,3,3,0,15,0,0,GENERIC,54.77000045776367,5.3885383,-73.6942583,0,0,12,0,0,2025-08-11 19:31:32,20.329999923706055
0,0,0,0,3,3,0,14,0,0,GENERIC,54.880001068115234,5.3885383,-73.6942583,0,0,12,0,0,2025-08-11 19:31:37,20.010000228881836
0,0,0,0,3,3,0,14,0,0,GENERIC,55.27000045776367,5.3885383,-73.6942583,0,0,12,0,0,2025-08-11 19:31:42,19.979999542236328
0,0,0,0,3,3,0,15,0,0,GENERIC,55.7400016784668,5.3885564,-73.6942517,0,0,14,0,0,2025-08-11 19:31:47,19.920000076293945
0,0,0,0,3,3,0,14,0,0,GENERIC,56.099998474121094,5.38856,-73.69425,0,0,14,0,0,2025-08-11 19:31:52,19.920000076293945
0,0,0,0,2,2,0,15,0,0,GENERIC,56.369998931884766,5.38856,-73.69425,0,0,14,0,0,2025-08-11 19:31:57,19.920000076293945
0,0,0,0,2,2,0,14,0,0,GENERIC,56.4900016784668,5.38856,-73.69425,0,0,14,0,0,2025-08-11 19:32:02,19.770000457763672
0,0,0,0,2,2,0,14,0,0,GENERIC,56.66999816894531,5.38856,-73.69425,0,0,14,0,0,2025-08-11 19:32:07,19.6299991607666
0,0,0,0,3,3,0,15,0,0,GENERIC,56.79999923706055,5.38856,-73.69425,0,0,14,0,0,2025-08-11 19:32:12,19.639999389648438
0,0,0,0,3,3,0,14,0,0,GENERIC,56.779998779296875,5.38856,-73.69425,0,0,14,0,0,2025-08-11 19:32:17,19.65999984741211
0,0,0,0,4,3,0,13,0,0,GENERIC,56.810001373291016,5.38856,-73.69425,0,0,14,0,0,2025-08-11 19:32:22,19.65999984741211
0,0,0,0,3,3,0,14,0,0,GENERIC,56.84000015258789,5.38856,-73.69425,0,0,14,0,0,2025-08-11 19:32:27,19.6200008392334
0,0,0,0,2,2,0,13,0,0,GENERIC,57.0,5.38856,-73.69425,0,0,14,0,0,2025-08-11 19:32:32,19.6299991607666
0,0,0,0,1,1,0,14,0,0,GENERIC,57.290000915527344,5.38856,-73.69425,0,0,14,0,0,2025-08-11 19:32:37,19.670000076293945
0,0,0,0,3,1,0,13,0,0,GENERIC,57.459999084472656,5.38856,-73.69425,0,0,14,0,0,2025-08-11 19:32:42,19.670000076293945
0,0,0,0,4,2,0,13,0,0,GENERIC,57.630001068115234,5.38856,-73.69425,0,0,14,0,0,2025-08-11 19:32:47,19.59000015258789
0,0,0,0,4,3,0,14,0,0,GENERIC,57.720001220703125,5.38856,-73.69425,0,0,14,0,0,2025-08-11 19:32:52,19.540000915527344
0,0,0,0,3,3,0,13,0,0,GENERIC,58.0,5.38856,-73.69425,0,0,14,0,0,2025-08-11 19:32:57,19.6200008392334
0,0,0,0,4,4,0,14,0,0,GENERIC,58.310001373291016,5.3885317,-73.6942417,0,0,17,0,0,2025-08-11 19:33:02,19.6200008392334
0,0,0,0,4,4,0,14,0,0,GENERIC,58.47999954223633,5.3885317,-73.6942417,0,0,17,0,0,2025-08-11 19:33:07,19.450000762939453
0,0,0,0,5,5,0,12,0,0,GENERIC,58.880001068115234,5.3885317,-73.6942417,0,0,17,0,0,2025-08-11 19:33:12,19.450000762939453
0,0,0,0,5,5,0,13,0,0,GENERIC,59.130001068115234,5.3885317,-73.6942417,0,0,17,0,0,2025-08-11 19:33:17,19.459999084472656
0,0,0,0,6,5,0,12,0,0,GENERIC,59.470001220703125,5.3885317,-73.6942417,0,0,17,0,0,2025-08-11 19:33:22,19.399999618530273
0,0,0,0,5,4,0,12,0,0,GENERIC,59.43000030517578,5.3885317,-73.6942417,0,0,17,0,0,2025-08-11 19:33:27,19.299999237060547
0,0,0,0,5,4,0,13,0,0,GENERIC,58.9900016784668,5.3885317,-73.6942417,0,0,17,0,0,2025-08-11 19:33:32,19.299999237060547
0,0,0,0,5,4,0,12,0,0,GENERIC,58.4900016784668,5.3885317,-73.6942417,0,0,17,0,0,2025-08-11 19:33:37,19.09000015258789
0,0,0,0,4,3,0,13,0,0,GENERIC,58.06999969482422,5.3885317,-73.6942417,0,0,17,0,0,2025-08-11 19:33:42,19.110000610351562
0,0,0,0,4,4,0,12,0,0,GENERIC,57.939998626708984,5.3885317,-73.6942417,0,0,17,0,0,2025-08-11 19:33:47,19.139999389648438
0,0,0,0,3,3,0,12,0,0,GENERIC,57.83000183105469,5.3885317,-73.6942417,0,0,17,0,0,2025-08-11 19:33:52,18.920000076293945
0,0,0,0,2,2,0,13,0,0,GENERIC,57.9900016784668,5.3885317,-73.6942417,0,0,17,0,0,2025-08-11 19:33:57,19.049999237060547
0,0,0,0,2,1,0,12,0,0,GENERIC,58.38999938964844,5.3885317,-73.6942417,0,0,17,0,0,2025-08-11 19:34:02,19.079999923706055
0,0,0,0,2,1,0,13,0,0,GENERIC,58.47999954223633,5.3885317,-73.6942417,0,0,17,0,0,2025-08-11 19:34:07,19.149999618530273
0,0,0,0,2,2,0,13,0,0,GENERIC,58.560001373291016,5.3885317,-73.6942417,0,0,17,0,0,2025-08-11 19:34:12,19.15999984741211
0,0,0,0,2,2,0,12,0,0,GENERIC,58.720001220703125,5.3885317,-73.6942417,0,0,17,0,0,2025-08-11 19:34:17,19.18000030517578
0,0,0,0,2,2,0,13,0,0,GENERIC,59.040000915527344,5.3885317,-73.6942417,0,0,17,0,0,2025-08-11 19:34:22,19.079999923706055
0,0,0,0,1,1,0,12,0,0,GENERIC,59.25,5.3885317,-73.6942417,0,0,17,0,0,2025-08-11 19:34:27,19.020000457763672
0,0,0,0,2,2,0,12,0,0,GENERIC,59.290000915527344,5.3885317,-73.6942417,0,0,17,0,0,2025-08-11 19:34:32,18.920000076293945
0,0,0,0,2,2,0,13,0,0,GENERIC,59.40999984741211,5.3885317,-73.6942417,0,0,17,0,0,2025-08-11 19:34:37,18.90999984741211
0,0,0,0,2,2,0,12,0,0,GENERIC,59.61000061035156,5.3885317,-73.6942417,0,0,17,0,0,2025-08-11 19:34:42,18.920000076293945
0,0,0,0,2,2,0,13,0,0,GENERIC,59.779998779296875,5.3885317,-73.6942417,0,0,17,0,0,2025-08-11 19:34:47,19.020000457763672
0,0,0,0,2,2,0,12,0,0,GENERIC,59.939998626708984,5.3885317,-73.6942417,0,0,17,0,0,2025-08-11 19:34:52,18.950000762939453
0,0,0,0,3,3,0,12,0,0,GENERIC,60.02000045776367,5.3885317,-73.6942417,0,0,17,0,0,2025-08-11 19:34:57,18.8799991607666
0,0,0,0,3,2,0,13,0,0,GENERIC,60.02000045776367,5.3885317,-73.6942417,0,0,17,0,0,2025-08-11 19:35:02,18.950000762939453
0,0,0,0,4,3,0,12,0,0,GENERIC,60.099998474121094,5.3885317,-73.6942417,0,0,17,0,0,2025-08-11 19:35:07,18.950000762939453
0,0,0,0,5,4,0,13,0,0,GENERIC,60.060001373291016,5.3885317,-73.6942417,0,0,17,0,0,2025-08-11 19:35:12,19.020000457763672
0,0,0,0,4,3,0,13,0,0,GENERIC,59.970001220703125,5.3885317,-73.6942417,0,0,17,0,0,2025-08-11 19:35:17,19.040000915527344
0,0,0,0,5,4,0,12,0,0,GENERIC,59.97999954223633,5.3885317,-73.6942417,0,0,17,0,0,2025-08-11 19:35:22,19.06999969482422
0,0,0,0,4,4,0,13,0,0,GENERIC,60.16999816894531,5.3885317,-73.6942417,0,0,17,0,0,2025-08-11 19:35:27,19.139999389648438
0,0,0,0,4,4,0,12,0,0,GENERIC,60.18000030517578,5.3885317,-73.6942417,0,0,17,0,0,2025-08-11 19:35:32,19.15999984741211
0,0,0,0,4,3,0,12,0,0,GENERIC,60.040000915527344,5.3885317,-73.6942417,0,0,17,0,0,2025-08-11 19:35:37,19.149999618530273
0,0,0,0,4,4,0,13,0,0,GENERIC,60.06999969482422,5.3885317,-73.6942417,0,0,17,0,0,2025-08-11 19:35:42,19.190000534057617
0,0,0,0,5,5,0,12,0,0,GENERIC,60.029998779296875,5.3885317,-73.6942417,0,0,17,0,0,2025-08-11 19:35:47,19.229999542236328
0,0,0,0,6,5,0,13,0,0,GENERIC,59.959999084472656,5.3885317,-73.6942417,0,0,17,0,0,2025-08-11 19:35:52,19.290000915527344
0,0,0,0,6,5,0,12,0,0,GENERIC,59.900001525878906,5.3885317,-73.6942417,0,0,17,0,0,2025-08-11 19:35:57,19.299999237060547
0,0,0,0,5,5,0,12,0,0,GENERIC,60.0099983215332,5.3885317,-73.6942417,0,0,17,0,0,2025-08-11 19:36:02,19.350000381469727
0,0,0,0,5,4,0,13,0,0,GENERIC,60.02000045776367,5.3885317,-73.6942417,0,0,17,0,0,2025-08-11 19:36:07,19.389999389648438
0,0,0,0,5,4,0,12,0,0,GENERIC,59.869998931884766,5.3885317,-73.6942417,0,0,17,0,0,2025-08-11 19:36:12,19.450000762939453
0,0,0,0,4,4,0,13,0,0,GENERIC,59.59000015258789,5.3885317,-73.6942417,0,0,17,0,0,2025-08-11 19:36:17,19.489999771118164
0,0,0,0,5,4,0,13,0,0,GENERIC,59.36000061035156,5.3885317,-73.6942417,0,0,17,0,0,2025-08-11 19:36:22,19.530000686645508
0,0,0,0,5,5,0,12,0,0,GENERIC,59.31999969482422,5.3885317,-73.6942417,0,0,17,0,0,2025-08-11 19:36:27,19.56999969482422
0,0,0,0,6,5,0,13,0,0,GENERIC,58.9900016784668,5.3885317,-73.6942417,0,0,17,0,0,2025-08-11 19:36:32,19.559999465942383
0,0,0,0,6,5,0,12,0,0,GENERIC,58.720001220703125,5.3885317,-73.6942417,0,0,17,0,0,2025-08-11 19:36:37,19.530000686645508
0,0,0,0,5,5,0,12,0,0,GENERIC,58.70000076293945,5.3885317,-73.6942417,0,0,17,0,0,2025-08-11 19:36:42,19.540000915527344
0,0,0,0,4,4,0,13,0,0,GENERIC,58.84000015258789,5.3885317,-73.6942417,0,0,17,0,0,2025-08-11 19:36:47,19.530000686645508
0,0,0,0,4,4,0,12,0,0,GENERIC,59.150001525878906,5.3885317,-73.6942417,0,0,17,0,0,2025-08-11 19:36:52,19.56999969482422
0,0,0,0,4,4,0,13,0,0,GENERIC,59.22999954223633,5.3885317,-73.6942417,0,0,17,0,0,2025-08-11 19:36:57,19.6299991607666
0,0,0,0,4,3,0,12,0,0,GENERIC,59.38999938964844,5.3885317,-73.6942417,0,0,17,0,0,2025-08-11 19:37:02,19.65999984741211
0,0,0,0,2,2,0,12,0,0,GENERIC,59.40999984741211,5.3885317,-73.6942417,0,0,17,0,0,2025-08-11 19:37:07,19.670000076293945
0,0,0,0,3,3,0,13,0,0,GENERIC,59.650001525878906,5.3885317,-73.6942417,0,0,17,0,0,2025-08-11 19:37:12,19.700000762939453
0,0,0,0,3,3,0,12,0,0,GENERIC,59.47999954223633,5.3885317,-73.6942417,0,0,17,0,0,2025-08-11 19:37:17,19.739999771118164
0,0,0,0,3,3,0,13,0,0,GENERIC,59.75,5.3885317,-73.6942417,0,0,17,0,0,2025-08-11 19:37:22,19.739999771118164
0,0,0,0,4,4,0,14,0,0,GENERIC,59.83000183105469,5.3885317,-73.6942417,0,0,17,0,0,2025-08-11 19:37:27,19.829999923706055
0,0,0,0,3,3,0,13,0,0,GENERIC,59.95000076293945,5.3885317,-73.6942417,0,0,17,0,0,2025-08-11 19:37:32,19.84000015258789
0,0,0,0,5,5,0,14,0,0,GENERIC,59.7599983215332,5.3885317,-73.6942417,0,0,17,0,0,2025-08-11 19:37:37,19.809999465942383
0,0,0,0,6,6,0,13,0,0,GENERIC,59.18000030517578,5.3885317,-73.6942417,0,0,17,0,0,2025-08-11 19:37:42,19.809999465942383
0,0,0,0,4,4,0,13,0,0,GENERIC,58.91999816894531,5.3885317,-73.6942417,0,0,17,0,0,2025-08-11 19:37:47,19.829999923706055
0,0,0,0,4,4,0,14,0,0,GENERIC,58.47999954223633,5.3885317,-73.6942417,0,0,17,0,0,2025-08-11 19:37:52,19.84000015258789
0,0,0,0,2,2,0,13,0,0,GENERIC,58.220001220703125,5.3885317,-73.6942417,0,0,17,0,0,2025-08-11 19:37:57,19.690000534057617
0,0,0,0,2,2,0,14,0,0,GENERIC,57.97999954223633,5.3885317,-73.6942417,0,0,17,0,0,2025-08-11 19:38:02,19.709999084472656
0,0,0,0,2,2,0,14,0,0,GENERIC,57.93000030517578,5.3885317,-73.6942417,0,0,17,0,0,2025-08-11 19:38:07,19.75
0,0,0,0,2,2,0,12,0,0,GENERIC,57.880001068115234,5.3885317,-73.6942417,0,0,17,0,0,2025-08-11 19:38:12,19.809999465942383
0,0,0,0,1,1,0,13,0,0,GENERIC,58.060001373291016,5.3885317,-73.6942417,0,0,17,0,0,2025-08-11 19:38:17,19.770000457763672
0,0,0,0,0,0,0,12,0,0,GENERIC,58.20000076293945,5.3885317,-73.6942417,0,0,17,0,0,2025-08-11 19:38:22,19.65999984741211
0,0,0,0,2,2,0,12,0,0,GENERIC,58.029998779296875,5.3885317,-73.6942417,0,0,17,0,0,2025-08-11 19:38:27,19.639999389648438
0,0,0,0,2,2,0,13,0,0,GENERIC,58.0,5.3885317,-73.6942417,0,0,17,0,0,2025-08-11 19:38:32,19.530000686645508
0,0,0,0,2,2,0,12,0,0,GENERIC,57.959999084472656,5.3885317,-73.6942417,0,0,17,0,0,2025-08-11 19:38:37,19.450000762939453
0,0,0,0,3,3,0,13,0,0,GENERIC,58.029998779296875,5.3885317,-73.6942417,0,0,17,0,0,2025-08-11 19:38:42,19.420000076293945
0,0,0,0,3,3,0,12,0,0,GENERIC,58.18000030517578,5.3885317,-73.6942417,0,0,17,0,0,2025-08-11 19:38:47,19.43000030517578
0,0,0,0,2,2,0,12,0,0,GENERIC,58.22999954223633,5.3885317,-73.6942417,0,0,17,0,0,2025-08-11 19:38:52,19.469999313354492
0,0,0,0,2,2,0,13,0,0,GENERIC,58.11000061035156,5.3885317,-73.6942417,0,0,17,0,0,2025-08-11 19:38:57,19.489999771118164
0,0,0,0,3,3,0,12,0,0,GENERIC,57.95000076293945,5.3885317,-73.6942417,0,0,17,0,0,2025-08-11 19:39:02,19.540000915527344
0,0,0,0,3,3,0,13,0,0,GENERIC,58.099998474121094,5.3885317,-73.6942417,0,0,17,0,0,2025-08-11 19:39:07,19.56999969482422
0,0,0,0,3,2,0,13,0,0,GENERIC,58.25,5.3885317,-73.6942417,0,0,17,0,0,2025-08-11 19:39:12,19.6299991607666
0,0,0,0,3,2,0,12,0,0,GENERIC,58.15999984741211,5.3885317,-73.6942417,0,0,17,0,0,2025-08-11 19:39:17,19.670000076293945
0,0,0,0,4,2,0,13,0,0,GENERIC,58.060001373291016,5.3885317,-73.6942417,0,0,17,0,0,2025-08-11 19:39:22,19.670000076293945
0,0,0,0,4,3,0,12,0,0,GENERIC,57.7400016784668,5.3885317,-73.6942417,0,0,17,0,0,2025-08-11 19:39:27,19.65999984741211
0,0,0,0,4,3,0,12,0,0,GENERIC,57.77000045776367,5.3885317,-73.6942417,0,0,17,0,0,2025-08-11 19:39:32,19.690000534057617
0,0,0,0,3,3,0,13,0,0,GENERIC,57.81999969482422,5.3885317,-73.6942417,0,0,17,0,0,2025-08-11 19:39:37,19.739999771118164
0,0,0,0,2,2,0,14,0,0,GENERIC,58.0099983215332,5.3885317,-73.6942417,0,0,17,0,0,2025-08-11 19:39:42,19.739999771118164
0,0,0,0,2,2,0,14,0,0,GENERIC,58.369998931884766,5.3885317,-73.6942417,0,0,17,0,0,2025-08-11 19:39:47,19.770000457763672
0,0,0,0,3,3,0,13,0,0,GENERIC,58.349998474121094,5.3885317,-73.6942417,0,0,17,0,0,2025-08-11 19:39:52,19.799999237060547
0,0,0,0,3,3,0,13,0,0,GENERIC,58.31999969482422,5.3885317,-73.6942417,0,0,17,0,0,2025-08-11 19:39:57,19.780000686645508
0,0,0,0,3,3,0,13,0,0,GENERIC,58.22999954223633,5.3885317,-73.6942417,0,0,17,0,0,2025-08-11 19:40:02,19.75
0,0,0,0,2,2,0,12,0,0,GENERIC,57.970001220703125,5.3885317,-73.6942417,0,0,17,0,0,2025-08-11 19:40:07,19.780000686645508
0,0,0,0,2,2,0,13,0,0,GENERIC,57.72999954223633,5.3885317,-73.6942417,0,0,17,0,0,2025-08-11 19:40:12,19.84000015258789
0,0,0,0,2,2,0,13,0,0,GENERIC,57.529998779296875,5.3885317,-73.6942417,0,0,17,0,0,2025-08-11 19:40:17,19.84000015258789
0,0,0,0,0,0,0,12,0,0,GENERIC,57.20000076293945,5.3885317,-73.6942417,0,0,17,0,0,2025-08-11 19:40:22,19.799999237060547
0,0,0,0,1,1,0,13,0,0,GENERIC,56.900001525878906,5.3885317,-73.6942417,0,0,17,0,0,2025-08-11 19:40:27,19.8700008392334
0,0,0,0,1,1,0,12,0,0,GENERIC,56.93000030517578,5.3885317,-73.6942417,0,0,17,0,0,2025-08-11 19:40:32,19.829999923706055
0,0,0,0,1,1,0,12,0,0,GENERIC,57.18000030517578,5.3885317,-73.6942417,0,0,17,0,0,2025-08-11 19:40:37,19.84000015258789
0,0,0,0,1,1,0,11,0,0,GENERIC,56.93000030517578,5.3885317,-73.6942417,0,0,17,0,0,2025-08-11 19:40:42,19.84000015258789
0,0,0,0,3,2,0,11,0,0,GENERIC,56.7599983215332,5.3885317,-73.6942417,0,0,17,0,0,2025-08-11 19:40:47,19.829999923706055
0,0,0,0,3,2,0,12,0,0,GENERIC,56.75,5.3885317,-73.6942417,0,0,17,0,0,2025-08-11 19:40:52,19.8700008392334
0,0,0,0,2,2,0,11,0,0,GENERIC,56.77000045776367,5.3885317,-73.6942417,0,0,17,0,0,2025-08-11 19:40:57,19.829999923706055
0,0,0,0,2,2,0,12,0,0,GENERIC,56.65999984741211,5.3885317,-73.6942417,0,0,17,0,0,2025-08-11 19:41:02,19.799999237060547
0,0,0,0,2,2,0,13,0,0,GENERIC,56.56999969482422,5.3885317,-73.6942417,0,0,17,0,0,2025-08-11 19:41:07,19.799999237060547
0,0,0,0,2,2,0,12,0,0,GENERIC,56.650001525878906,5.3885317,-73.6942417,0,0,17,0,0,2025-08-11 19:41:12,19.799999237060547
0,0,0,0,2,2,0,13,0,0,GENERIC,56.75,5.3885317,-73.6942417,0,0,17,0,0,2025-08-11 19:41:17,19.770000457763672
0,0,0,0,2,2,0,14,0,0,GENERIC,56.66999816894531,5.3885317,-73.6942417,0,0,17,0,0,2025-08-11 19:41:22,19.729999542236328
0,0,0,0,2,2,0,13,0,0,GENERIC,56.720001220703125,5.3885317,-73.6942417,0,0,17,0,0,2025-08-11 19:41:27,19.700000762939453
0,0,0,0,3,3,0,14,0,0,GENERIC,56.689998626708984,5.3885317,-73.6942417,0,0,17,0,0,2025-08-11 19:41:32,19.690000534057617
0,0,0,0,3,3,0,13,0,0,GENERIC,56.709999084472656,5.3885317,-73.6942417,0,0,17,0,0,2025-08-11 19:41:37,19.65999984741211
0,0,0,0,2,2,0,13,0,0,GENERIC,56.65999984741211,5.3885317,-73.6942417,0,0,17,0,0,2025-08-11 19:41:42,19.670000076293945
0,0,0,0,3,3,0,14,0,0,GENERIC,56.779998779296875,5.3885317,-73.6942417,0,0,17,0,0,2025-08-11 19:41:47,19.639999389648438
0,0,0,0,3,2,0,13,0,0,GENERIC,57.040000915527344,5.3885317,-73.6942417,0,0,17,0,0,2025-08-11 19:41:52,19.639999389648438
0,0,0,0,3,2,0,14,0,0,GENERIC,57.38999938964844,5.3885317,-73.6942417,0,0,17,0,0,2025-08-11 19:41:57,19.65999984741211
0,0,0,0,2,2,0,13,0,0,GENERIC,57.45000076293945,5.3885317,-73.6942417,0,0,17,0,0,2025-08-11 19:42:02,19.59000015258789
0,0,0,0,2,2,0,13,0,0,GENERIC,57.31999969482422,5.3885317,-73.6942417,0,0,17,0,0,2025-08-11 19:42:07,19.600000381469727
0,0,0,0,3,2,0,14,0,0,GENERIC,57.099998474121094,5.3885317,-73.6942417,0,0,17,0,0,2025-08-11 19:42:12,19.59000015258789
0,0,0,0,2,2,0,13,0,0,GENERIC,57.09000015258789,5.3885317,-73.6942417,0,0,17,0,0,2025-08-11 19:42:17,19.6200008392334
0,0,0,0,2,2,0,13,0,0,GENERIC,57.11000061035156,5.3885317,-73.6942417,0,0,17,0,0,2025-08-11 19:42:22,19.600000381469727
0,0,0,0,2,2,0,14,0,0,GENERIC,57.08000183105469,5.3885317,-73.6942417,0,0,17,0,0,2025-08-11 19:42:27,19.6200008392334
0,0,0,0,2,2,0,13,0,0,GENERIC,57.189998626708984,5.3885317,-73.6942417,0,0,17,0,0,2025-08-11 19:42:32,19.6200008392334
0,0,0,0,2,2,0,14,0,0,GENERIC,57.33000183105469,5.3885317,-73.6942417,0,0,17,0,0,2025-08-11 19:42:37,19.520000457763672
0,0,0,0,2,1,0,13,0,0,GENERIC,57.369998931884766,5.3885317,-73.6942417,0,0,17,0,0,2025-08-11 19:42:42,19.530000686645508
0,0,0,0,2,2,0,13,0,0,GENERIC,57.349998474121094,5.3885317,-73.6942417,0,0,17,0,0,2025-08-11 19:42:47,19.520000457763672
0,0,0,0,2,2,0,14,0,0,GENERIC,57.31999969482422,5.3885317,-73.6942417,0,0,17,0,0,2025-08-11 19:42:52,19.530000686645508
0,0,0,0,2,2,0,13,0,0,GENERIC,57.119998931884766,5.3885317,-73.6942417,0,0,17,0,0,2025-08-11 19:42:57,19.530000686645508
0,0,0,0,1,1,0,14,0,0,GENERIC,56.93000030517578,5.3885317,-73.6942417,0,0,17,0,0,2025-08-11 19:43:02,19.520000457763672
0,0,0,0,1,1,0,14,0,0,GENERIC,57.029998779296875,5.3885317,-73.6942417,0,0,17,0,0,2025-08-11 19:43:07,19.530000686645508
0,0,0,0,1,1,0,12,0,0,GENERIC,56.90999984741211,5.3885317,-73.6942417,0,0,17,0,0,2025-08-11 19:43:12,19.5
0,0,0,0,0,0,0,13,0,0,GENERIC,56.90999984741211,5.3885317,-73.6942417,0,0,17,0,0,2025-08-11 19:43:17,19.530000686645508
0,0,0,0,1,1,0,13,0,0,GENERIC,56.79999923706055,5.3885317,-73.6942417,0,0,17,0,0,2025-08-11 19:43:22,19.459999084472656
0,0,0,0,2,2,0,12,0,0,GENERIC,56.81999969482422,5.3885317,-73.6942417,0,0,17,0,0,2025-08-11 19:43:27,19.43000030517578
0,0,0,0,2,2,0,13,0,0,GENERIC,56.869998931884766,5.3885317,-73.6942417,0,0,17,0,0,2025-08-11 19:43:32,19.420000076293945
0,0,0,0,2,2,0,12,0,0,GENERIC,56.88999938964844,5.3885317,-73.6942417,0,0,17,0,0,2025-08-11 19:43:37,19.450000762939453
0,0,0,0,1,1,0,13,0,0,GENERIC,56.959999084472656,5.3885317,-73.6942417,0,0,17,0,0,2025-08-11 19:43:42,19.399999618530273
0,0,0,0,2,2,0,13,0,0,GENERIC,57.290000915527344,5.3885317,-73.6942417,0,0,17,0,0,2025-08-11 19:43:47,19.389999389648438
0,0,0,0,3,2,0,12,0,0,GENERIC,57.5099983215332,5.3885317,-73.6942417,0,0,17,0,0,2025-08-11 19:43:52,19.3700008392334
0,0,0,0,3,1,0,13,0,0,GENERIC,57.599998474121094,5.3885317,-73.6942417,0,0,17,0,0,2025-08-11 19:43:57,19.360000610351562
0,0,0,0,4,3,0,13,0,0,GENERIC,58.029998779296875,5.3885317,-73.6942417,0,0,17,0,0,2025-08-11 19:44:02,19.3700008392334
0,0,0,0,4,2,0,13,0,0,GENERIC,58.18000030517578,5.3885317,-73.6942417,0,0,17,0,0,2025-08-11 19:44:07,19.3700008392334
0,0,0,0,2,2,0,13,0,0,GENERIC,58.27000045776367,5.3885317,-73.6942417,0,0,17,0,0,2025-08-11 19:44:12,19.389999389648438
0,0,0,0,2,2,0,13,0,0,GENERIC,58.20000076293945,5.3885317,-73.6942417,0,0,17,0,0,2025-08-11 19:44:17,19.350000381469727
0,0,0,0,1,1,0,13,0,0,GENERIC,58.130001068115234,5.3885317,-73.6942417,0,0,17,0,0,2025-08-11 19:44:22,19.389999389648438
0,0,0,0,1,1,0,13,0,0,GENERIC,58.15999984741211,5.3885317,-73.6942417,0,0,17,0,0,2025-08-11 19:44:27,19.350000381469727
0,0,0,0,1,1,0,12,0,0,GENERIC,58.25,5.3885317,-73.6942417,0,0,17,0,0,2025-08-11 19:44:32,19.350000381469727
0,0,0,0,0,0,0,13,0,0,GENERIC,58.599998474121094,5.3885317,-73.6942417,0,0,17,0,0,2025-08-11 19:44:37,19.3700008392334
0,0,0,0,2,2,0,13,0,0,GENERIC,58.790000915527344,5.3885317,-73.6942417,0,0,17,0,0,2025-08-11 19:44:42,19.399999618530273
0,0,0,0,1,1,0,13,0,0,GENERIC,58.70000076293945,5.3885317,-73.6942417,0,0,17,0,0,2025-08-11 19:44:47,19.3700008392334
0,0,0,0,2,2,0,13,0,0,GENERIC,58.599998474121094,5.3885317,-73.6942417,0,0,17,0,0,2025-08-11 19:44:52,19.389999389648438
0,0,0,0,2,2,0,12,0,0,GENERIC,58.59000015258789,5.3885317,-73.6942417,0,0,17,0,0,2025-08-11 19:44:57,19.399999618530273
0,0,0,0,2,2,0,13,0,0,GENERIC,58.310001373291016,5.3885317,-73.6942417,0,0,17,0,0,2025-08-11 19:45:02,19.399999618530273
0,0,0,0,1,1,0,13,0,0,GENERIC,58.25,5.3885317,-73.6942417,0,0,17,0,0,2025-08-11 19:45:07,19.43000030517578
0,0,0,0,1,1,0,13,0,0,GENERIC,58.310001373291016,5.3885317,-73.6942417,0,0,17,0,0,2025-08-11 19:45:12,19.420000076293945
0,0,0,0,1,1,0,14,0,0,GENERIC,58.529998779296875,5.3885317,-73.6942417,0,0,17,0,0,2025-08-11 19:45:17,19.450000762939453
0,0,0,0,2,2,0,14,0,0,GENERIC,58.79999923706055,5.3885317,-73.6942417,0,0,17,0,0,2025-08-11 19:45:22,19.469999313354492
0,0,0,0,2,2,0,14,0,0,GENERIC,59.0099983215332,5.3885317,-73.6942417,0,0,17,0,0,2025-08-11 19:45:27,19.469999313354492
0,0,0,0,3,2,0,14,0,0,GENERIC,59.11000061035156,5.3885317,-73.6942417,0,0,17,0,0,2025-08-11 19:45:32,19.489999771118164
0,0,0,0,3,2,0,13,0,0,GENERIC,58.900001525878906,5.3885317,-73.6942417,0,0,17,0,0,2025-08-11 19:45:37,19.399999618530273
0,0,0,0,2,2,0,14,0,0,GENERIC,58.90999984741211,5.3885317,-73.6942417,0,0,17,0,0,2025-08-11 19:45:42,19.450000762939453
0,0,0,0,4,4,0,14,0,0,GENERIC,59.279998779296875,5.3885317,-73.6942417,0,0,17,0,0,2025-08-11 19:45:47,19.459999084472656
0,0,0,0,6,4,0,13,0,0,GENERIC,59.47999954223633,5.3885317,-73.6942417,0,0,17,0,0,2025-08-11 19:45:52,19.489999771118164
0,0,0,0,6,5,0,14,0,0,GENERIC,59.5099983215332,5.3885317,-73.6942417,0,0,17,0,0,2025-08-11 19:45:57,19.520000457763672
0,0,0,0,6,4,0,13,0,0,GENERIC,59.41999816894531,5.3885317,-73.6942417,0,0,17,0,0,2025-08-11 19:46:02,19.530000686645508
0,0,0,0,4,3,0,14,0,0,GENERIC,59.40999984741211,5.3885317,-73.6942417,0,0,17,0,0,2025-08-11 19:46:07,19.559999465942383
0,0,0,0,4,2,0,14,0,0,GENERIC,59.150001525878906,5.3885317,-73.6942417,0,0,17,0,0,2025-08-11 19:46:12,19.540000915527344
0,0,0,0,4,3,0,12,0,0,GENERIC,59.02000045776367,5.3885317,-73.6942417,0,0,17,0,0,2025-08-11 19:46:17,19.59000015258789
0,0,0,0,4,3,0,13,0,0,GENERIC,58.68000030517578,5.3885317,-73.6942417,0,0,17,0,0,2025-08-11 19:46:22,19.59000015258789
0,0,0,0,3,3,0,13,0,0,GENERIC,58.709999084472656,5.3885317,-73.6942417,0,0,17,0,0,2025-08-11 19:46:27,19.6299991607666
0,0,0,0,3,3,0,12,0,0,GENERIC,58.400001525878906,5.3885317,-73.6942417,0,0,17,0,0,2025-08-11 19:46:32,19.6299991607666
0,0,0,0,2,2,0,13,0,0,GENERIC,58.11000061035156,5.3885317,-73.6942417,0,0,17,0,0,2025-08-11 19:46:37,19.670000076293945
0,0,0,0,1,1,0,12,0,0,GENERIC,57.900001525878906,5.3885317,-73.6942417,0,0,17,0,0,2025-08-11 19:46:42,19.6299991607666
0,0,0,0,2,2,0,13,0,0,GENERIC,57.81999969482422,5.3885317,-73.6942417,0,0,17,0,0,2025-08-11 19:46:47,19.65999984741211
0,0,0,0,1,1,0,13,0,0,GENERIC,57.81999969482422,5.3885317,-73.6942417,0,0,17,0,0,2025-08-11 19:46:52,19.65999984741211
0,0,0,0,2,2,0,12,0,0,GENERIC,57.810001373291016,5.3885317,-73.6942417,0,0,17,0,0,2025-08-11 19:46:57,19.700000762939453
0,0,0,0,1,1,0,13,0,0,GENERIC,57.72999954223633,5.3885317,-73.6942417,0,0,17,0,0,2025-08-11 19:47:02,19.709999084472656
0,0,0,0,2,2,0,12,0,0,GENERIC,57.52000045776367,5.3885317,-73.6942417,0,0,17,0,0,2025-08-11 19:47:07,19.75
0,0,0,0,2,2,0,12,0,0,GENERIC,57.83000183105469,5.3885317,-73.6942417,0,0,17,0,0,2025-08-11 19:47:12,19.770000457763672
0,0,0,0,2,1,0,13,0,0,GENERIC,57.88999938964844,5.3885317,-73.6942417,0,0,17,0,0,2025-08-11 19:47:17,19.770000457763672
0,0,0,0,3,3,0,12,0,0,GENERIC,57.83000183105469,5.3885317,-73.6942417,0,0,17,0,0,2025-08-11 19:47:22,19.780000686645508
0,0,0,0,3,3,0,12,0,0,GENERIC,57.540000915527344,5.3885317,-73.6942417,0,0,17,0,0,2025-08-11 19:47:27,19.600000381469727
0,0,0,0,2,1,0,13,0,0,GENERIC,57.380001068115234,5.3885317,-73.6942417,0,0,17,0,0,2025-08-11 19:47:32,19.65999984741211
0,0,0,0,3,2,0,12,0,0,GENERIC,57.5,5.3885317,-73.6942417,0,0,17,0,0,2025-08-11 19:47:37,19.690000534057617
0,0,0,0,1,1,0,13,0,0,GENERIC,57.68000030517578,5.3885317,-73.6942417,0,0,17,0,0,2025-08-11 19:47:42,19.709999084472656
0,0,0,0,1,1,0,12,0,0,GENERIC,57.61000061035156,5.3885317,-73.6942417,0,0,17,0,0,2025-08-11 19:47:47,19.700000762939453
0,0,0,0,2,2,0,12,0,0,GENERIC,57.68000030517578,5.3885317,-73.6942417,0,0,17,0,0,2025-08-11 19:47:52,19.709999084472656
0,0,0,0,2,2,0,13,0,0,GENERIC,57.880001068115234,5.3885317,-73.6942417,0,0,17,0,0,2025-08-11 19:47:57,19.670000076293945
0,0,0,0,3,3,0,12,0,0,GENERIC,57.79999923706055,5.3885317,-73.6942417,0,0,17,0,0,2025-08-11 19:48:02,19.6200008392334
0,0,0,0,3,3,0,13,0,0,GENERIC,57.720001220703125,5.3885317,-73.6942417,0,0,17,0,0,2025-08-11 19:48:07,19.600000381469727
0,0,0,0,3,3,0,13,0,0,GENERIC,57.70000076293945,5.3885317,-73.6942417,0,0,17,0,0,2025-08-11 19:48:12,19.6200008392334
0,0,0,0,4,3,0,12,0,0,GENERIC,57.68000030517578,5.3885317,-73.6942417,0,0,17,0,0,2025-08-11 19:48:17,19.639999389648438
0,0,0,0,2,2,0,13,0,0,GENERIC,58.040000915527344,5.3885317,-73.6942417,0,0,17,0,0,2025-08-11 19:48:22,19.639999389648438
0,0,0,0,3,3,0,12,0,0,GENERIC,58.0099983215332,5.3885317,-73.6942417,0,0,17,0,0,2025-08-11 19:48:27,19.670000076293945
0,0,0,0,4,4,0,12,0,0,GENERIC,58.34000015258789,5.3885317,-73.6942417,0,0,17,0,0,2025-08-11 19:48:32,19.6200008392334
0,0,0,0,3,3,0,13,0,0,GENERIC,58.220001220703125,5.3885317,-73.6942417,0,0,17,0,0,2025-08-11 19:48:37,19.600000381469727
0,0,0,0,3,3,0,12,0,0,GENERIC,58.0,5.3885317,-73.6942417,0,0,17,0,0,2025-08-11 19:48:42,19.540000915527344
0,0,0,0,4,3,0,13,0,0,GENERIC,57.7400016784668,5.3885317,-73.6942417,0,0,17,0,0,2025-08-11 19:48:47,19.5
0,0,0,0,4,3,0,12,0,0,GENERIC,57.65999984741211,5.3885317,-73.6942417,0,0,17,0,0,2025-08-11 19:48:52,19.399999618530273
0,0,0,0,3,2,0,12,0,0,GENERIC,57.56999969482422,5.3885317,-73.6942417,0,0,17,0,0,2025-08-11 19:48:57,19.420000076293945
0,0,0,0,3,3,0,13,0,0,GENERIC,57.66999816894531,5.3885317,-73.6942417,0,0,17,0,0,2025-08-11 19:49:02,19.18000030517578
0,0,0,0,2,2,0,12,0,0,GENERIC,57.91999816894531,5.3885317,-73.6942417,0,0,17,0,0,2025-08-11 19:49:07,19.040000915527344
0,0,0,0,3,3,0,13,0,0,GENERIC,58.22999954223633,5.3885317,-73.6942417,0,0,17,0,0,2025-08-11 19:49:12,18.84000015258789
0,0,0,0,3,3,0,13,0,0,GENERIC,58.47999954223633,5.3885317,-73.6942417,0,0,17,0,0,2025-08-11 19:49:17,18.8700008392334
0,0,0,0,3,3,0,12,0,0,GENERIC,58.630001068115234,5.3885317,-73.6942417,0,0,17,0,0,2025-08-11 19:49:22,18.850000381469727
0,0,0,0,3,3,0,13,0,0,GENERIC,58.650001525878906,5.3885317,-73.6942417,0,0,17,0,0,2025-08-11 19:49:27,18.8799991607666
0,0,0,0,2,2,0,12,0,0,GENERIC,58.77000045776367,5.3885317,-73.6942417,0,0,17,0,0,2025-08-11 19:49:32,19.010000228881836
0,0,0,0,2,2,0,12,0,0,GENERIC,59.08000183105469,5.3885317,-73.6942417,0,0,17,0,0,2025-08-11 19:49:37,19.020000457763672
0,0,0,0,2,2,0,13,0,0,GENERIC,59.31999969482422,5.3885317,-73.6942417,0,0,17,0,0,2025-08-11 19:49:42,19.049999237060547
0,0,0,0,2,2,0,13,0,0,GENERIC,59.4900016784668,5.3885317,-73.6942417,0,0,17,0,0,2025-08-11 19:49:47,19.1200008392334
0,0,0,0,3,3,0,13,0,0,GENERIC,59.540000915527344,5.3885317,-73.6942417,0,0,17,0,0,2025-08-11 19:49:52,19.139999389648438
0,0,0,0,3,3,0,10,0,0,GENERIC,59.18000030517578,5.3885317,-73.6942417,0,0,17,0,0,2025-08-11 19:49:57,19.149999618530273
0,0,0,0,3,3,0,10,0,0,GENERIC,59.0,5.3885317,-73.6942417,0,0,17,0,0,2025-08-11 19:50:02,19.149999618530273
0,0,0,0,2,2,0,11,0,0,GENERIC,58.779998779296875,5.3885317,-73.6942417,0,0,17,0,0,2025-08-11 19:50:07,19.229999542236328
0,0,0,0,2,2,0,10,0,0,GENERIC,58.63999938964844,5.3885397,-73.6942315,0,0,18,0,0,2025-08-11 19:50:12,19.25
0,0,0,0,2,2,0,11,0,0,GENERIC,58.650001525878906,5.38854,-73.6942317,0,0,18,0,0,2025-08-11 19:50:17,19.290000915527344
0,0,0,0,3,3,0,12,0,0,GENERIC,59.02000045776367,5.38854,-73.6942317,0,0,18,0,0,2025-08-11 19:50:22,19.31999969482422
0,0,0,0,2,2,0,11,0,0,GENERIC,59.25,5.38854,-73.6942317,0,0,18,0,0,2025-08-11 19:50:27,19.329999923706055
0,0,0,0,3,3,0,12,0,0,GENERIC,59.310001373291016,5.38854,-73.6942317,0,0,18,0,0,2025-08-11 19:50:32,19.329999923706055
0,0,0,0,4,3,0,11,0,0,GENERIC,59.31999969482422,5.38854,-73.6942317,0,0,18,0,0,2025-08-11 19:50:37,19.360000610351562
0,0,0,0,5,4,0,11,0,0,GENERIC,59.31999969482422,5.38854,-73.6942317,0,0,18,0,0,2025-08-11 19:50:42,19.329999923706055
0,0,0,0,5,4,0,12,0,0,GENERIC,59.31999969482422,5.38854,-73.6942283,0,0,18,0,0,2025-08-11 19:50:47,19.350000381469727
0,0,0,0,3,3,0,13,0,0,GENERIC,59.040000915527344,5.38854,-73.6942283,0,0,18,0,0,2025-08-11 19:50:52,19.290000915527344
0,0,0,0,2,2,0,14,0,0,GENERIC,58.81999969482422,5.38854,-73.6942283,0,0,18,0,0,2025-08-11 19:50:57,19.299999237060547
0,0,0,0,2,2,0,13,0,0,GENERIC,58.70000076293945,5.38854,-73.6942283,0,0,18,0,0,2025-08-11 19:51:02,19.280000686645508
0,0,0,0,4,4,0,13,0,0,GENERIC,58.650001525878906,5.38854,-73.6942283,0,0,18,0,0,2025-08-11 19:51:07,19.200000762939453
0,0,0,0,4,3,0,14,0,0,GENERIC,58.47999954223633,5.38854,-73.6942283,0,0,18,0,0,2025-08-11 19:51:12,19.229999542236328
0,0,0,0,3,3,0,13,0,0,GENERIC,58.4900016784668,5.38854,-73.6942283,0,0,18,0,0,2025-08-11 19:51:17,19.280000686645508
0,0,0,0,4,3,0,13,0,0,GENERIC,58.5,5.38854,-73.6942283,0,0,18,0,0,2025-08-11 19:51:22,19.299999237060547
0,0,0,0,4,4,0,14,0,0,GENERIC,58.689998626708984,5.38854,-73.6942283,0,0,18,0,0,2025-08-11 19:51:27,19.299999237060547
0,0,0,0,4,4,0,13,0,0,GENERIC,58.70000076293945,5.38854,-73.6942283,0,0,18,0,0,2025-08-11 19:51:32,19.31999969482422
0,0,0,0,3,3,0,14,0,0,GENERIC,58.619998931884766,5.38854,-73.6942283,0,0,18,0,0,2025-08-11 19:51:37,19.329999923706055
0,0,0,0,4,4,0,13,0,0,GENERIC,58.54999923706055,5.38854,-73.6942283,0,0,18,0,0,2025-08-11 19:51:42,19.18000030517578
0,0,0,0,3,3,0,13,0,0,GENERIC,58.189998626708984,5.3885271,-73.6942316,0,0,19,0,0,2025-08-11 19:51:47,19.200000762939453
0,0,0,0,3,2,0,14,0,0,GENERIC,57.88999938964844,5.3885267,-73.6942317,0,0,19,0,0,2025-08-11 19:51:52,19.139999389648438
0,0,0,0,2,2,0,13,0,0,GENERIC,57.849998474121094,5.3885267,-73.6942317,0,0,19,0,0,2025-08-11 19:51:57,19.1200008392334
0,0,0,0,2,2,0,14,0,0,GENERIC,57.959999084472656,5.3885267,-73.6942317,0,0,19,0,0,2025-08-11 19:52:02,19.079999923706055
0,0,0,0,1,1,0,13,0,0,GENERIC,57.959999084472656,5.3885267,-73.6942317,0,0,19,0,0,2025-08-11 19:52:07,19.079999923706055
0,0,0,0,1,1,0,13,0,0,GENERIC,57.9900016784668,5.388545,-73.6942283,0,0,21,0,0,2025-08-11 19:52:12,19.110000610351562
0,0,0,0,2,1,0,14,0,0,GENERIC,57.9900016784668,5.388545,-73.6942283,0,0,21,0,0,2025-08-11 19:52:17,19.1200008392334
0,0,0,0,2,1,0,13,0,0,GENERIC,58.130001068115234,5.388545,-73.6942283,0,0,21,0,0,2025-08-11 19:52:22,19.1200008392334
0,0,0,0,2,1,0,13,0,0,GENERIC,58.400001525878906,5.388545,-73.6942283,0,0,21,0,0,2025-08-11 19:52:27,19.139999389648438
0,0,0,0,2,1,0,14,0,0,GENERIC,58.52000045776367,5.388545,-73.6942283,0,0,21,0,0,2025-08-11 19:52:32,19.1200008392334
0,0,0,0,2,1,0,13,0,0,GENERIC,58.63999938964844,5.388545,-73.6942171,0,0,22,0,0,2025-08-11 19:52:37,19.15999984741211
0,0,0,0,3,2,0,14,0,0,GENERIC,58.540000915527344,5.3885417,-73.6942267,0,0,23,0,0,2025-08-11 19:52:42,19.149999618530273
0,0,0,0,3,2,0,13,0,0,GENERIC,58.90999984741211,5.3885417,-73.6942267,0,0,23,0,0,2025-08-11 19:52:47,19.079999923706055
0,0,0,0,3,3,0,13,0,0,GENERIC,58.869998931884766,5.3885417,-73.6942267,0,0,23,0,0,2025-08-11 19:52:52,19.040000915527344
0,0,0,0,2,2,0,14,0,0,GENERIC,58.52000045776367,5.3885417,-73.6942267,0,0,23,0,0,2025-08-11 19:52:57,19.06999969482422
0,0,0,0,2,2,0,13,0,0,GENERIC,58.380001068115234,5.3885417,-73.6942267,0,0,23,0,0,2025-08-11 19:53:02,19.010000228881836
0,0,0,0,2,2,0,14,0,0,GENERIC,58.2599983215332,5.3885417,-73.6942267,0,0,23,0,0,2025-08-11 19:53:07,19.020000457763672
0,0,0,0,2,2,0,13,0,0,GENERIC,57.88999938964844,5.3885417,-73.6942267,0,0,23,0,0,2025-08-11 19:53:12,18.979999542236328
0,0,0,0,2,2,0,13,0,0,GENERIC,57.59000015258789,5.3885417,-73.6942267,0,0,23,0,0,2025-08-11 19:53:17,19.020000457763672
0,0,0,0,1,0,0,14,0,0,GENERIC,57.47999954223633,5.3885417,-73.6942267,0,0,23,0,0,2025-08-11 19:53:22,19.010000228881836
0,0,0,0,2,1,0,13,0,0,GENERIC,57.45000076293945,5.3885417,-73.6942267,0,0,23,0,0,2025-08-11 19:53:27,19.010000228881836
0,0,0,0,1,1,0,12,0,0,GENERIC,57.59000015258789,5.3885417,-73.6942267,0,0,23,0,0,2025-08-11 19:53:32,18.979999542236328
0,0,0,0,2,2,0,13,0,0,GENERIC,57.709999084472656,5.3885417,-73.6942267,0,0,23,0,0,2025-08-11 19:53:37,18.899999618530273
0,0,0,0,2,2,0,13,0,0,GENERIC,58.0,5.3885417,-73.6942267,0,0,23,0,0,2025-08-11 19:53:42,18.90999984741211
0,0,0,0,2,1,0,14,0,0,GENERIC,58.09000015258789,5.3885435,-73.6942585,0,0,26,0,0,2025-08-11 19:53:47,18.920000076293945
0,0,0,0,1,1,0,13,0,0,GENERIC,58.060001373291016,5.3885467,-73.694255,0,0,26,0,0,2025-08-11 19:53:52,18.920000076293945
0,0,0,0,2,1,0,13,0,0,GENERIC,58.130001068115234,5.3885467,-73.694255,0,0,26,0,0,2025-08-11 19:53:57,18.899999618530273
0,0,0,0,1,1,0,14,0,0,GENERIC,58.2400016784668,5.3885583,-73.6942433,0,0,27,0,0,2025-08-11 19:54:02,18.920000076293945
0,0,0,0,2,2,0,13,0,0,GENERIC,58.36000061035156,5.3885583,-73.6942433,0,0,27,0,0,2025-08-11 19:54:07,18.920000076293945
0,0,0,0,2,2,0,14,0,0,GENERIC,58.459999084472656,5.3885583,-73.6942433,0,0,27,0,0,2025-08-11 19:54:12,18.940000534057617
0,0,0,0,2,2,0,13,0,0,GENERIC,58.65999984741211,5.3885583,-73.6942433,0,0,27,0,0,2025-08-11 19:54:17,18.920000076293945
0,0,0,0,2,2,0,13,0,0,GENERIC,58.619998931884766,5.3885583,-73.6942433,0,0,27,0,0,2025-08-11 19:54:22,18.950000762939453
0,0,0,0,2,2,0,14,0,0,GENERIC,58.77000045776367,5.3885583,-73.6942433,0,0,27,0,0,2025-08-11 19:54:27,18.969999313354492
0,0,0,0,2,2,0,13,0,0,GENERIC,58.869998931884766,5.3885583,-73.6942433,0,0,27,0,0,2025-08-11 19:54:32,18.979999542236328
0,0,0,0,2,2,0,13,0,0,GENERIC,58.93000030517578,5.3885583,-73.6942433,0,0,27,0,0,2025-08-11 19:54:37,18.989999771118164
0,0,0,0,3,3,0,14,0,0,GENERIC,59.04999923706055,5.3885583,-73.6942433,0,0,27,0,0,2025-08-11 19:54:42,18.989999771118164
0,0,0,0,3,3,0,13,0,0,GENERIC,59.18000030517578,5.3885583,-73.6942433,0,0,27,0,0,2025-08-11 19:54:47,19.020000457763672
0,0,0,0,3,3,0,14,0,0,GENERIC,59.220001220703125,5.3885583,-73.6942433,0,0,27,0,0,2025-08-11 19:54:52,19.049999237060547
0,0,0,0,3,3,0,13,0,0,GENERIC,59.029998779296875,5.3885583,-73.6942433,0,0,27,0,0,2025-08-11 19:54:57,19.010000228881836
0,0,0,0,1,1,0,13,0,0,GENERIC,58.83000183105469,5.3885583,-73.6942433,0,0,27,0,0,2025-08-11 19:55:02,19.020000457763672
0,0,0,0,2,1,0,14,0,0,GENERIC,58.83000183105469,5.3885583,-73.6942433,0,0,27,0,0,2025-08-11 19:55:07,19.040000915527344
0,0,0,0,1,1,0,13,0,0,GENERIC,58.810001373291016,5.3885583,-73.6942433,0,0,27,0,0,2025-08-11 19:55:12,19.040000915527344
0,0,0,0,2,2,0,14,0,0,GENERIC,58.650001525878906,5.3885625,-73.6942475,0,0,27,0,0,2025-08-11 19:55:17,19.079999923706055
0,0,0,0,1,1,0,13,0,0,GENERIC,58.88999938964844,5.3885462,-73.6942227,0,0,30,0,0,2025-08-11 19:55:22,19.040000915527344
0,0,0,0,2,2,0,13,0,0,GENERIC,58.93000030517578,5.3885448,-73.6942396,0,0,31,0,0,2025-08-11 19:55:27,19.049999237060547
0,0,0,0,1,1,0,14,0,0,GENERIC,58.709999084472656,5.3885439,-73.6942407,0,0,31,0,0,2025-08-11 19:55:32,18.989999771118164
0,0,0,0,1,1,0,13,0,0,GENERIC,58.68000030517578,5.3885441,-73.6942407,0,0,31,0,0,2025-08-11 19:55:37,18.979999542236328
0,0,0,0,1,1,0,13,0,0,GENERIC,58.599998474121094,5.3885448,-73.6942406,0,0,31,0,0,2025-08-11 19:55:42,19.040000915527344
0,0,0,0,2,2,0,14,0,0,GENERIC,58.599998474121094,5.388545,-73.6942417,0,0,31,0,0,2025-08-11 19:55:47,19.06999969482422
0,0,0,0,1,1,0,13,0,0,GENERIC,58.61000061035156,5.388545,-73.6942417,0,0,31,0,0,2025-08-11 19:55:52,19.06999969482422
0,0,0,0,2,1,0,14,0,0,GENERIC,58.900001525878906,5.388545,-73.6942417,0,0,31,0,0,2025-08-11 19:55:57,19.06999969482422
0,0,0,0,4,3,0,13,0,0,GENERIC,58.75,5.388545,-73.6942417,0,0,31,0,0,2025-08-11 19:56:02,19.06999969482422
0,0,0,0,4,4,0,13,0,0,GENERIC,58.58000183105469,5.388545,-73.6942417,0,0,31,0,0,2025-08-11 19:56:07,19.079999923706055
0,0,0,0,4,4,0,14,0,0,GENERIC,58.45000076293945,5.388545,-73.6942417,0,0,31,0,0,2025-08-11 19:56:12,19.1200008392334
0,0,0,0,3,3,0,13,0,0,GENERIC,58.369998931884766,5.388545,-73.6942417,0,0,31,0,0,2025-08-11 19:56:17,19.149999618530273
0,0,0,0,3,3,0,14,0,0,GENERIC,58.34000015258789,5.388545,-73.6942417,0,0,31,0,0,2025-08-11 19:56:22,19.149999618530273
0,0,0,0,2,2,0,13,0,0,GENERIC,58.29999923706055,5.388545,-73.6942417,0,0,31,0,0,2025-08-11 19:56:27,19.139999389648438
0,0,0,0,3,3,0,13,0,0,GENERIC,58.20000076293945,5.388545,-73.6942417,0,0,31,0,0,2025-08-11 19:56:32,19.15999984741211
0,0,0,0,3,3,0,14,0,0,GENERIC,58.11000061035156,5.388545,-73.6942417,0,0,31,0,0,2025-08-11 19:56:37,19.1200008392334
0,0,0,0,3,3,0,13,0,0,GENERIC,58.16999816894531,5.388545,-73.6942417,0,0,31,0,0,2025-08-11 19:56:42,19.18000030517578
0,0,0,0,3,3,0,13,0,0,GENERIC,58.2400016784668,5.388545,-73.6942417,0,0,31,0,0,2025-08-11 19:56:47,19.200000762939453
0,0,0,0,3,3,0,14,0,0,GENERIC,58.13999938964844,5.388545,-73.6942417,0,0,31,0,0,2025-08-11 19:56:52,19.18000030517578
0,0,0,0,1,1,0,13,0,0,GENERIC,58.16999816894531,5.388545,-73.6942417,0,0,31,0,0,2025-08-11 19:56:57,19.15999984741211
0,0,0,0,2,2,0,14,0,0,GENERIC,58.09000015258789,5.388545,-73.6942417,0,0,31,0,0,2025-08-11 19:57:02,19.149999618530273
0,0,0,0,2,2,0,13,0,0,GENERIC,58.099998474121094,5.388545,-73.6942417,0,0,31,0,0,2025-08-11 19:57:07,19.18000030517578
0,0,0,0,3,2,0,13,0,0,GENERIC,58.15999984741211,5.388545,-73.6942417,0,0,31,0,0,2025-08-11 19:57:12,19.190000534057617
0,0,0,0,5,4,0,14,0,0,GENERIC,58.380001068115234,5.388545,-73.6942417,0,0,31,0,0,2025-08-11 19:57:17,19.139999389648438
0,0,0,0,5,4,0,13,0,0,GENERIC,58.56999969482422,5.388545,-73.6942417,0,0,31,0,0,2025-08-11 19:57:22,19.110000610351562
0,0,0,0,6,5,0,14,0,0,GENERIC,58.33000183105469,5.388545,-73.6942417,0,0,31,0,0,2025-08-11 19:57:27,19.1200008392334
0,0,0,0,4,4,0,13,0,0,GENERIC,57.81999969482422,5.388545,-73.6942417,0,0,31,0,0,2025-08-11 19:57:32,19.040000915527344
0,0,0,0,3,3,0,13,0,0,GENERIC,57.459999084472656,5.388545,-73.6942417,0,0,31,0,0,2025-08-11 19:57:37,19.020000457763672
0,0,0,0,2,2,0,14,0,0,GENERIC,57.43000030517578,5.388545,-73.6942417,0,0,31,0,0,2025-08-11 19:57:42,19.020000457763672
0,0,0,0,2,2,0,13,0,0,GENERIC,57.36000061035156,5.388545,-73.6942417,0,0,31,0,0,2025-08-11 19:57:47,19.049999237060547
0,0,0,0,3,3,0,13,0,0,GENERIC,57.4900016784668,5.388545,-73.6942417,0,0,31,0,0,2025-08-11 19:57:52,19.040000915527344
0,0,0,0,3,3,0,14,0,0,GENERIC,57.560001373291016,5.388545,-73.6942417,0,0,31,0,0,2025-08-11 19:57:57,18.979999542236328
0,0,0,0,3,3,0,13,0,0,GENERIC,57.47999954223633,5.388545,-73.6942417,0,0,31,0,0,2025-08-11 19:58:02,19.010000228881836
0,0,0,0,4,4,0,14,0,0,GENERIC,57.59000015258789,5.388545,-73.6942417,0,0,31,0,0,2025-08-11 19:58:07,19.040000915527344
0,0,0,0,3,3,0,13,0,0,GENERIC,57.90999984741211,5.388545,-73.6942417,0,0,31,0,0,2025-08-11 19:58:12,19.040000915527344
0,0,0,0,4,4,0,13,0,0,GENERIC,57.97999954223633,5.388545,-73.6942417,0,0,31,0,0,2025-08-11 19:58:17,19.06999969482422
0,0,0,0,3,3,0,14,0,0,GENERIC,58.0099983215332,5.388545,-73.6942417,0,0,31,0,0,2025-08-11 19:58:22,19.06999969482422
0,0,0,0,2,2,0,13,0,0,GENERIC,58.29999923706055,5.388545,-73.6942417,0,0,31,0,0,2025-08-11 19:58:27,19.040000915527344
0,0,0,0,2,2,0,14,0,0,GENERIC,58.560001373291016,5.388545,-73.6942417,0,0,31,0,0,2025-08-11 19:58:32,19.040000915527344
0,0,0,0,2,2,0,13,0,0,GENERIC,58.400001525878906,5.388545,-73.6942417,0,0,31,0,0,2025-08-11 19:58:37,19.040000915527344
0,0,0,0,2,2,0,13,0,0,GENERIC,58.5099983215332,5.388545,-73.6942417,0,0,31,0,0,2025-08-11 19:58:42,19.06999969482422
0,0,0,0,2,2,0,14,0,0,GENERIC,58.540000915527344,5.388545,-73.6942417,0,0,31,0,0,2025-08-11 19:58:47,19.09000015258789
0,0,0,0,2,2,0,13,0,0,GENERIC,58.59000015258789,5.388545,-73.6942417,0,0,31,0,0,2025-08-11 19:58:52,19.079999923706055
0,0,0,0,3,3,0,13,0,0,GENERIC,58.75,5.388545,-73.6942417,0,0,31,0,0,2025-08-11 19:58:57,19.1200008392334
0,0,0,0,3,3,0,14,0,0,GENERIC,58.77000045776367,5.388545,-73.6942417,0,0,31,0,0,2025-08-11 19:59:02,19.1200008392334
0,0,0,0,3,3,0,13,0,0,GENERIC,58.630001068115234,5.388545,-73.6942417,0,0,31,0,0,2025-08-11 19:59:07,19.149999618530273
0,0,0,0,4,4,0,14,0,0,GENERIC,58.66999816894531,5.388545,-73.6942417,0,0,31,0,0,2025-08-11 19:59:12,19.149999618530273
0,0,0,0,3,3,0,13,0,0,GENERIC,58.75,5.388545,-73.6942417,0,0,31,0,0,2025-08-11 19:59:17,19.190000534057617
0,0,0,0,5,5,0,13,0,0,GENERIC,58.70000076293945,5.388545,-73.6942417,0,0,31,0,0,2025-08-11 19:59:22,19.149999618530273
0,0,0,0,4,4,0,14,0,0,GENERIC,58.790000915527344,5.388545,-73.6942417,0,0,31,0,0,2025-08-11 19:59:27,19.1200008392334
0,0,0,0,4,4,0,13,0,0,GENERIC,58.810001373291016,5.388545,-73.6942417,0,0,31,0,0,2025-08-11 19:59:32,19.149999618530273
0,0,0,0,4,3,0,14,0,0,GENERIC,58.77000045776367,5.388545,-73.6942417,0,0,31,0,0,2025-08-11 19:59:37,19.18000030517578
0,0,0,0,4,3,0,13,0,0,GENERIC,58.689998626708984,5.388545,-73.6942417,0,0,31,0,0,2025-08-11 19:59:42,19.200000762939453
0,0,0,0,4,3,0,13,0,0,GENERIC,58.849998474121094,5.388545,-73.6942417,0,0,31,0,0,2025-08-11 19:59:47,19.18000030517578
0,0,0,0,3,3,0,14,0,0,GENERIC,58.86000061035156,5.388545,-73.6942417,0,0,31,0,0,2025-08-11 19:59:52,19.190000534057617
0,0,0,0,4,3,0,13,0,0,GENERIC,58.849998474121094,5.388545,-73.6942417,0,0,31,0,0,2025-08-11 19:59:57,19.219999313354492
0,0,0,0,3,2,0,13,0,0,GENERIC,58.88999938964844,5.388545,-73.6942417,0,0,31,0,0,2025-08-11 20:00:02,19.229999542236328
0,0,0,0,4,3,0,14,0,0,GENERIC,58.900001525878906,5.388545,-73.6942417,0,0,31,0,0,2025-08-11 20:00:07,19.280000686645508
0,0,0,0,4,3,0,13,0,0,GENERIC,58.90999984741211,5.388545,-73.6942417,0,0,31,0,0,2025-08-11 20:00:12,19.280000686645508
0,0,0,0,4,2,0,14,0,0,GENERIC,58.84000015258789,5.388545,-73.6942417,0,0,31,0,0,2025-08-11 20:00:17,19.280000686645508
0,0,0,0,5,3,0,13,0,0,GENERIC,58.88999938964844,5.388545,-73.6942417,0,0,31,0,0,2025-08-11 20:00:22,19.290000915527344
0,0,0,0,4,3,0,13,0,0,GENERIC,58.869998931884766,5.388545,-73.6942417,0,0,31,0,0,2025-08-11 20:00:27,19.290000915527344
0,0,0,0,3,2,0,14,0,0,GENERIC,58.869998931884766,5.388545,-73.6942417,0,0,31,0,0,2025-08-11 20:00:32,19.31999969482422
0,0,0,0,4,3,0,13,0,0,GENERIC,59.0099983215332,5.388545,-73.6942417,0,0,31,0,0,2025-08-11 20:00:37,19.350000381469727
0,0,0,0,3,2,0,14,0,0,GENERIC,59.41999816894531,5.388545,-73.6942417,0,0,31,0,0,2025-08-11 20:00:42,19.350000381469727
0,0,0,0,3,3,0,13,0,0,GENERIC,59.68000030517578,5.388545,-73.6942417,0,0,31,0,0,2025-08-11 20:00:47,19.3700008392334
0,0,0,0,3,2,0,13,0,0,GENERIC,59.68000030517578,5.388545,-73.6942417,0,0,31,0,0,2025-08-11 20:00:52,19.3700008392334
0,0,0,0,2,2,0,14,0,0,GENERIC,59.75,5.388545,-73.6942417,0,0,31,0,0,2025-08-11 20:00:57,19.420000076293945
0,0,0,0,2,1,0,13,0,0,GENERIC,59.77000045776367,5.388545,-73.6942417,0,0,31,0,0,2025-08-11 20:01:02,19.420000076293945
0,0,0,0,1,1,0,13,0,0,GENERIC,59.4900016784668,5.388545,-73.6942417,0,0,31,0,0,2025-08-11 20:01:07,19.399999618530273
0,0,0,0,1,1,0,14,0,0,GENERIC,59.34000015258789,5.388545,-73.6942417,0,0,31,0,0,2025-08-11 20:01:12,19.43000030517578
0,0,0,0,4,4,0,13,0,0,GENERIC,59.27000045776367,5.388545,-73.6942417,0,0,31,0,0,2025-08-11 20:01:17,19.450000762939453
0,0,0,0,3,3,0,14,0,0,GENERIC,59.2400016784668,5.388545,-73.6942417,0,0,31,0,0,2025-08-11 20:01:22,19.469999313354492
0,0,0,0,4,3,0,13,0,0,GENERIC,58.880001068115234,5.388545,-73.6942417,0,0,31,0,0,2025-08-11 20:01:27,19.43000030517578
0,0,0,0,3,2,0,13,0,0,GENERIC,58.52000045776367,5.388545,-73.6942417,0,0,31,0,0,2025-08-11 20:01:32,19.469999313354492
0,0,0,0,3,1,0,14,0,0,GENERIC,58.459999084472656,5.388545,-73.6942417,0,0,31,0,0,2025-08-11 20:01:37,19.5
0,0,0,0,1,1,0,13,0,0,GENERIC,58.47999954223633,5.388545,-73.6942417,0,0,31,0,0,2025-08-11 20:01:42,19.540000915527344
0,0,0,0,2,1,0,14,0,0,GENERIC,58.54999923706055,5.388545,-73.6942417,0,0,31,0,0,2025-08-11 20:01:47,19.540000915527344
0,0,0,0,1,1,0,14,0,0,GENERIC,58.65999984741211,5.388545,-73.6942417,0,0,31,0,0,2025-08-11 20:01:52,19.540000915527344
0,0,0,0,1,1,0,12,0,0,GENERIC,58.720001220703125,5.388545,-73.6942417,0,0,31,0,0,2025-08-11 20:01:57,19.540000915527344
0,0,0,0,1,1,0,13,0,0,GENERIC,58.650001525878906,5.388545,-73.6942417,0,0,31,0,0,2025-08-11 20:02:02,19.59000015258789
0,0,0,0,2,2,0,12,0,0,GENERIC,58.630001068115234,5.388545,-73.6942417,0,0,31,0,0,2025-08-11 20:02:07,19.6200008392334
0,0,0,0,2,2,0,12,0,0,GENERIC,58.75,5.388545,-73.6942417,0,0,31,0,0,2025-08-11 20:02:12,19.6200008392334
0,0,0,0,0,0,0,13,0,0,GENERIC,58.61000061035156,5.388545,-73.6942417,0,0,31,0,0,2025-08-11 20:02:17,19.639999389648438
0,0,0,0,1,1,0,12,0,0,GENERIC,58.439998626708984,5.388545,-73.6942417,0,0,31,0,0,2025-08-11 20:02:22,19.670000076293945
0,0,0,0,1,1,0,13,0,0,GENERIC,58.38999938964844,5.388545,-73.6942417,0,0,31,0,0,2025-08-11 20:02:27,19.700000762939453
0,0,0,0,1,1,0,12,0,0,GENERIC,58.31999969482422,5.388545,-73.6942417,0,0,31,0,0,2025-08-11 20:02:32,19.729999542236328
0,0,0,0,3,2,0,12,0,0,GENERIC,58.380001068115234,5.388545,-73.6942417,0,0,31,0,0,2025-08-11 20:02:37,19.729999542236328
0,0,0,0,3,2,0,13,0,0,GENERIC,58.189998626708984,5.388545,-73.6942417,0,0,31,0,0,2025-08-11 20:02:42,19.690000534057617
0,0,0,0,2,1,0,12,0,0,GENERIC,57.75,5.388545,-73.6942417,0,0,31,0,0,2025-08-11 20:02:47,19.59000015258789
0,0,0,0,2,2,0,13,0,0,GENERIC,57.29999923706055,5.388545,-73.6942417,0,0,31,0,0,2025-08-11 20:02:52,19.639999389648438
0,0,0,0,2,2,0,13,0,0,GENERIC,57.11000061035156,5.388545,-73.6942417,0,0,31,0,0,2025-08-11 20:02:57,19.639999389648438
0,0,0,0,2,2,0,12,0,0,GENERIC,57.13999938964844,5.388545,-73.6942417,0,0,31,0,0,2025-08-11 20:03:02,19.700000762939453
0,0,0,0,2,2,0,13,0,0,GENERIC,57.18000030517578,5.388545,-73.6942417,0,0,31,0,0,2025-08-11 20:03:07,19.700000762939453
0,0,0,0,1,1,0,12,0,0,GENERIC,57.150001525878906,5.388545,-73.6942417,0,0,31,0,0,2025-08-11 20:03:12,19.709999084472656
0,0,0,0,1,1,0,12,0,0,GENERIC,57.060001373291016,5.388545,-73.6942417,0,0,31,0,0,2025-08-11 20:03:17,19.729999542236328
0,0,0,0,1,1,0,13,0,0,GENERIC,56.86000061035156,5.388545,-73.6942417,0,0,31,0,0,2025-08-11 20:03:22,19.690000534057617
0,0,0,0,0,0,0,12,0,0,GENERIC,57.0099983215332,5.388545,-73.6942417,0,0,31,0,0,2025-08-11 20:03:27,19.670000076293945
0,0,0,0,2,1,0,13,0,0,GENERIC,57.15999984741211,5.388545,-73.6942417,0,0,31,0,0,2025-08-11 20:03:32,19.700000762939453
0,0,0,0,2,1,0,12,0,0,GENERIC,57.08000183105469,5.388545,-73.6942417,0,0,31,0,0,2025-08-11 20:03:37,19.700000762939453
0,0,0,0,2,1,0,12,0,0,GENERIC,56.709999084472656,5.388545,-73.6942417,0,0,31,0,0,2025-08-11 20:03:42,19.670000076293945
0,0,0,0,1,1,0,13,0,0,GENERIC,56.54999923706055,5.388545,-73.6942417,0,0,31,0,0,2025-08-11 20:03:47,19.709999084472656
0,0,0,0,1,1,0,12,0,0,GENERIC,56.40999984741211,5.388545,-73.6942417,0,0,31,0,0,2025-08-11 20:03:52,19.729999542236328
0,0,0,0,1,1,0,13,0,0,GENERIC,56.41999816894531,5.388545,-73.6942417,0,0,31,0,0,2025-08-11 20:03:57,19.65999984741211
0,0,0,0,1,1,0,13,0,0,GENERIC,56.41999816894531,5.388545,-73.6942417,0,0,31,0,0,2025-08-11 20:04:02,19.56999969482422
0,0,0,0,1,1,0,12,0,0,GENERIC,56.34000015258789,5.388545,-73.6942417,0,0,31,0,0,2025-08-11 20:04:07,19.520000457763672
0,0,0,0,2,1,0,13,0,0,GENERIC,56.400001525878906,5.388545,-73.6942417,0,0,31,0,0,2025-08-11 20:04:12,19.530000686645508
0,0,0,0,1,1,0,12,0,0,GENERIC,56.279998779296875,5.388545,-73.6942417,0,0,31,0,0,2025-08-11 20:04:17,19.520000457763672
0,0,0,0,1,1,0,12,0,0,GENERIC,56.380001068115234,5.388545,-73.6942417,0,0,31,0,0,2025-08-11 20:04:22,19.489999771118164
0,0,0,0,2,2,0,13,0,0,GENERIC,56.65999984741211,5.388545,-73.6942417,0,0,31,0,0,2025-08-11 20:04:27,19.5
0,0,0,0,1,1,0,12,0,0,GENERIC,56.849998474121094,5.388545,-73.6942417,0,0,31,0,0,2025-08-11 20:04:32,19.469999313354492
0,0,0,0,2,2,0,13,0,0,GENERIC,56.93000030517578,5.388545,-73.6942417,0,0,31,0,0,2025-08-11 20:04:37,19.459999084472656
0,0,0,0,3,3,0,12,0,0,GENERIC,57.09000015258789,5.388545,-73.6942417,0,0,31,0,0,2025-08-11 20:04:42,19.459999084472656
0,0,0,0,3,3,0,12,0,0,GENERIC,57.11000061035156,5.388545,-73.6942417,0,0,31,0,0,2025-08-11 20:04:47,19.450000762939453
0,0,0,0,3,3,0,13,0,0,GENERIC,57.29999923706055,5.388545,-73.6942417,0,0,31,0,0,2025-08-11 20:04:52,19.260000228881836
0,0,0,0,4,4,0,12,0,0,GENERIC,57.599998474121094,5.388545,-73.6942417,0,0,31,0,0,2025-08-11 20:04:57,19.260000228881836
0,0,0,0,3,3,0,13,0,0,GENERIC,57.869998931884766,5.388545,-73.6942417,0,0,31,0,0,2025-08-11 20:05:02,19.229999542236328
0,0,0,0,4,3,0,14,0,0,GENERIC,58.58000183105469,5.388545,-73.6942417,0,0,31,0,0,2025-08-11 20:05:07,19.229999542236328
0,0,0,0,2,1,0,13,0,0,GENERIC,59.22999954223633,5.388545,-73.6942417,0,0,31,0,0,2025-08-11 20:05:12,19.260000228881836
0,0,0,0,3,2,0,14,0,0,GENERIC,59.5,5.388545,-73.6942417,0,0,31,0,0,2025-08-11 20:05:17,19.299999237060547
0,0,0,0,2,2,0,13,0,0,GENERIC,59.380001068115234,5.388545,-73.6942417,0,0,31,0,0,2025-08-11 20:05:22,19.299999237060547
0,0,0,0,2,2,0,13,0,0,GENERIC,59.36000061035156,5.388545,-73.6942417,0,0,31,0,0,2025-08-11 20:05:27,19.25
0,0,0,0,3,3,0,14,0,0,GENERIC,59.34000015258789,5.388545,-73.6942417,0,0,31,0,0,2025-08-11 20:05:32,19.280000686645508
0,0,0,0,3,3,0,13,0,0,GENERIC,59.04999923706055,5.388545,-73.6942417,0,0,31,0,0,2025-08-11 20:05:37,19.31999969482422
0,0,0,0,3,3,0,14,0,0,GENERIC,58.93000030517578,5.388545,-73.6942417,0,0,31,0,0,2025-08-11 20:05:42,19.31999969482422
0,0,0,0,3,3,0,13,0,0,GENERIC,58.86000061035156,5.388545,-73.6942417,0,0,31,0,0,2025-08-11 20:05:47,19.329999923706055
0,0,0,0,3,3,0,13,0,0,GENERIC,58.91999816894531,5.388545,-73.6942417,0,0,31,0,0,2025-08-11 20:05:52,19.350000381469727
0,0,0,0,2,2,0,14,0,0,GENERIC,58.75,5.388545,-73.6942417,0,0,31,0,0,2025-08-11 20:05:57,19.280000686645508
0,0,0,0,2,2,0,13,0,0,GENERIC,58.529998779296875,5.388545,-73.6942417,0,0,31,0,0,2025-08-11 20:06:02,19.25
0,0,0,0,1,1,0,13,0,0,GENERIC,58.459999084472656,5.388545,-73.6942417,0,0,31,0,0,2025-08-11 20:06:07,19.25
0,0,0,0,1,1,0,14,0,0,GENERIC,58.560001373291016,5.388545,-73.6942417,0,0,31,0,0,2025-08-11 20:06:12,19.15999984741211
0,0,0,0,2,2,0,13,0,0,GENERIC,58.77000045776367,5.388545,-73.6942417,0,0,31,0,0,2025-08-11 20:06:17,19.18000030517578
0,0,0,0,2,2,0,14,0,0,GENERIC,58.83000183105469,5.388545,-73.6942417,0,0,31,0,0,2025-08-11 20:06:22,19.200000762939453
0,0,0,0,2,2,0,13,0,0,GENERIC,58.689998626708984,5.388545,-73.6942417,0,0,31,0,0,2025-08-11 20:06:27,19.260000228881836
0,0,0,0,2,2,0,13,0,0,GENERIC,58.650001525878906,5.388545,-73.6942417,0,0,31,0,0,2025-08-11 20:06:32,19.290000915527344
0,0,0,0,3,3,0,14,0,0,GENERIC,58.58000183105469,5.388545,-73.6942417,0,0,31,0,0,2025-08-11 20:06:37,19.219999313354492
0,0,0,0,3,2,0,13,0,0,GENERIC,58.63999938964844,5.388545,-73.6942417,0,0,31,0,0,2025-08-11 20:06:42,19.260000228881836
0,0,0,0,4,4,0,14,0,0,GENERIC,58.630001068115234,5.388545,-73.6942417,0,0,31,0,0,2025-08-11 20:06:47,19.290000915527344
0,0,0,0,4,3,0,14,0,0,GENERIC,58.58000183105469,5.388545,-73.6942417,0,0,31,0,0,2025-08-11 20:06:52,19.31999969482422
0,0,0,0,4,3,0,12,0,0,GENERIC,58.4900016784668,5.388545,-73.6942417,0,0,31,0,0,2025-08-11 20:06:57,19.329999923706055
0,0,0,0,1,1,0,13,0,0,GENERIC,58.43000030517578,5.388545,-73.6942417,0,0,31,0,0,2025-08-11 20:07:02,19.260000228881836
0,0,0,0,2,2,0,12,0,0,GENERIC,58.459999084472656,5.388545,-73.6942417,0,0,31,0,0,2025-08-11 20:07:07,19.18000030517578
0,0,0,0,0,0,0,12,0,0,GENERIC,58.04999923706055,5.388545,-73.6942417,0,0,31,0,0,2025-08-11 20:07:12,19.18000030517578
0,0,0,0,1,1,0,13,0,0,GENERIC,58.029998779296875,5.388545,-73.6942417,0,0,31,0,0,2025-08-11 20:07:17,19.18000030517578
0,0,0,0,0,0,0,12,0,0,GENERIC,58.209999084472656,5.388545,-73.6942417,0,0,31,0,0,2025-08-11 20:07:22,19.200000762939453
0,0,0,0,0,0,0,13,0,0,GENERIC,58.41999816894531,5.388545,-73.6942417,0,0,31,0,0,2025-08-11 20:07:27,19.260000228881836
0,0,0,0,1,0,0,12,0,0,GENERIC,58.38999938964844,5.388545,-73.6942417,0,0,31,0,0,2025-08-11 20:07:32,19.299999237060547
0,0,0,0,2,1,0,12,0,0,GENERIC,58.4900016784668,5.388545,-73.6942417,0,0,31,0,0,2025-08-11 20:07:37,19.350000381469727
0,0,0,0,3,1,0,13,0,0,GENERIC,58.81999969482422,5.388545,-73.6942417,0,0,31,0,0,2025-08-11 20:07:42,19.399999618530273
0,0,0,0,4,3,0,12,0,0,GENERIC,59.16999816894531,5.388545,-73.6942417,0,0,31,0,0,2025-08-11 20:07:47,19.360000610351562
0,0,0,0,3,2,0,13,0,0,GENERIC,59.25,5.388545,-73.6942417,0,0,31,0,0,2025-08-11 20:07:52,19.420000076293945
0,0,0,0,3,3,0,13,0,0,GENERIC,59.150001525878906,5.388545,-73.6942417,0,0,31,0,0,2025-08-11 20:07:57,19.459999084472656
0,0,0,0,3,2,0,12,0,0,GENERIC,58.97999954223633,5.388545,-73.6942417,0,0,31,0,0,2025-08-11 20:08:02,19.520000457763672
0,0,0,0,2,2,0,13,0,0,GENERIC,59.099998474121094,5.3885451,-73.6942267,0,0,32,0,0,2025-08-11 20:08:07,19.5
0,0,0,0,3,3,0,12,0,0,GENERIC,59.2400016784668,5.388545,-73.6942267,0,0,32,0,0,2025-08-11 20:08:12,19.540000915527344
0,0,0,0,3,3,0,12,0,0,GENERIC,59.09000015258789,5.388545,-73.6942267,0,0,32,0,0,2025-08-11 20:08:17,19.59000015258789
0,0,0,0,5,4,0,12,0,0,GENERIC,58.810001373291016,5.388545,-73.6942267,0,0,32,0,0,2025-08-11 20:08:22,19.56999969482422
0,0,0,0,4,4,0,12,0,0,GENERIC,58.63999938964844,5.388545,-73.6942267,0,0,32,0,0,2025-08-11 20:08:27,19.600000381469727
0,0,0,0,4,3,0,13,0,0,GENERIC,58.619998931884766,5.388545,-73.6942267,0,0,32,0,0,2025-08-11 20:08:32,19.559999465942383
0,0,0,0,5,4,0,12,0,0,GENERIC,58.56999969482422,5.388545,-73.6942267,0,0,32,0,0,2025-08-11 20:08:37,19.450000762939453
0,0,0,0,4,4,0,12,0,0,GENERIC,58.810001373291016,5.3885634,-73.6942599,0,0,36,0,0,2025-08-11 20:08:42,19.420000076293945
0,0,0,0,3,3,0,13,0,0,GENERIC,59.08000183105469,5.3885633,-73.6942617,0,0,36,0,0,2025-08-11 20:08:47,19.389999389648438
0,0,0,0,2,2,0,12,0,0,GENERIC,59.36000061035156,5.3885633,-73.6942617,0,0,36,0,0,2025-08-11 20:08:52,19.43000030517578
0,0,0,0,2,2,0,13,0,0,GENERIC,59.619998931884766,5.3885633,-73.6942617,0,0,36,0,0,2025-08-11 20:08:57,19.450000762939453
0,0,0,0,2,2,0,14,0,0,GENERIC,59.77000045776367,5.3885667,-73.6942704,0,0,37,0,1,2025-08-11 20:09:02,19.389999389648438
0,0,0,0,1,1,0,13,0,0,GENERIC,59.84000015258789,5.3885596,-73.6942704,0,0,37,0,0,2025-08-11 20:09:07,19.299999237060547
0,0,0,0,2,2,0,14,0,0,GENERIC,59.7599983215332,5.3885596,-73.6942696,0,0,37,0,0,2025-08-11 20:09:12,19.31999969482422
0,0,0,0,2,2,0,13,0,0,GENERIC,59.7599983215332,5.3885508,-73.6942633,0,0,38,0,0,2025-08-11 20:09:17,19.350000381469727
0,0,0,0,5,4,0,13,0,0,GENERIC,59.720001220703125,5.3885437,-73.6942598,0,0,38,0,0,2025-08-11 20:09:22,19.299999237060547
0,0,0,0,5,4,0,14,0,0,GENERIC,59.790000915527344,5.3885414,-73.6942574,0,0,38,0,0,2025-08-11 20:09:27,19.31999969482422
0,0,0,0,5,5,0,13,0,0,GENERIC,60.15999984741211,5.3885412,-73.6942573,0,0,38,0,0,2025-08-11 20:09:32,19.350000381469727
0,0,0,0,4,4,0,14,0,0,GENERIC,60.36000061035156,5.3885403,-73.6942573,0,0,38,0,0,2025-08-11 20:09:37,19.31999969482422
0,0,0,0,3,3,0,14,0,0,GENERIC,60.34000015258789,5.3885396,-73.6942568,0,0,38,0,0,2025-08-11 20:09:42,19.299999237060547
0,0,0,0,3,3,0,12,0,0,GENERIC,60.52000045776367,5.3885383,-73.6942567,0,0,38,0,0,2025-08-11 20:09:47,19.280000686645508
0,0,0,0,3,3,0,13,0,0,GENERIC,60.63999938964844,5.3885383,-73.6942567,0,0,38,0,0,2025-08-11 20:09:52,19.219999313354492
0,0,0,0,3,3,0,12,0,0,GENERIC,60.349998474121094,5.3885383,-73.6942567,0,0,38,0,0,2025-08-11 20:09:57,19.139999389648438
0,0,0,0,3,3,0,12,0,0,GENERIC,60.439998626708984,5.3885383,-73.6942567,0,0,38,0,0,2025-08-11 20:10:02,19.1200008392334
0,0,0,0,2,2,0,13,0,0,GENERIC,60.58000183105469,5.3885383,-73.6942567,0,0,38,0,0,2025-08-11 20:10:07,19.110000610351562
0,0,0,0,2,2,0,12,0,0,GENERIC,60.25,5.3885383,-73.6942567,0,0,38,0,0,2025-08-11 20:10:12,19.079999923706055
0,0,0,0,2,2,0,13,0,0,GENERIC,60.06999969482422,5.3885383,-73.6942567,0,0,38,0,0,2025-08-11 20:10:17,19.079999923706055
0,0,0,0,3,3,0,12,0,0,GENERIC,60.099998474121094,5.3885383,-73.6942567,0,0,38,0,0,2025-08-11 20:10:22,19.010000228881836
0,0,0,0,4,3,0,12,0,0,GENERIC,60.09000015258789,5.3885383,-73.6942567,0,0,38,0,0,2025-08-11 20:10:27,18.979999542236328
0,0,0,0,5,5,0,13,0,0,GENERIC,59.90999984741211,5.3885383,-73.6942567,0,0,38,0,0,2025-08-11 20:10:32,19.010000228881836
0,0,0,0,4,3,0,12,0,0,GENERIC,59.58000183105469,5.3885383,-73.6942567,0,0,38,0,0,2025-08-11 20:10:37,19.020000457763672
0,0,0,0,3,3,0,13,0,0,GENERIC,59.400001525878906,5.3885383,-73.6942567,0,0,38,0,0,2025-08-11 20:10:42,18.8700008392334
0,0,0,0,4,4,0,13,0,0,GENERIC,59.459999084472656,5.3885383,-73.6942567,0,0,38,0,0,2025-08-11 20:10:47,18.729999542236328
0,0,0,0,5,4,0,12,0,0,GENERIC,59.599998474121094,5.3885383,-73.6942567,0,0,38,0,0,2025-08-11 20:10:52,18.799999237060547
0,0,0,0,5,4,0,13,0,0,GENERIC,59.779998779296875,5.3885514,-73.6942564,0,0,39,0,0,2025-08-11 20:10:57,18.799999237060547
0,0,0,0,5,4,0,12,0,0,GENERIC,60.099998474121094,5.388555,-73.6942567,0,0,39,0,0,2025-08-11 20:11:02,18.459999084472656
0,0,0,0,4,4,0,12,0,0,GENERIC,60.43000030517578,5.388555,-73.6942567,0,0,39,0,0,2025-08-11 20:11:07,18.3700008392334
0,0,0,0,4,4,0,13,0,0,GENERIC,60.650001525878906,5.388555,-73.6942567,0,0,39,0,0,2025-08-11 20:11:12,18.280000686645508
0,0,0,0,4,4,0,12,0,0,GENERIC,60.849998474121094,5.388555,-73.6942567,0,0,39,0,0,2025-08-11 20:11:17,18.190000534057617
0,0,0,0,3,3,0,13,0,0,GENERIC,61.11000061035156,5.388555,-73.6942567,0,0,39,0,0,2025-08-11 20:11:22,18.209999084472656
0,0,0,0,3,3,0,12,0,0,GENERIC,61.459999084472656,5.388555,-73.6942567,0,0,39,0,0,2025-08-11 20:11:27,18.280000686645508
0,0,0,0,3,3,0,12,0,0,GENERIC,61.459999084472656,5.388555,-73.6942567,0,0,39,0,0,2025-08-11 20:11:32,18.299999237060547
0,0,0,0,4,4,0,13,0,0,GENERIC,61.56999969482422,5.388555,-73.6942567,0,0,39,0,0,2025-08-11 20:11:37,18.329999923706055
0,0,0,0,5,4,0,12,0,0,GENERIC,61.709999084472656,5.388555,-73.6942567,0,0,39,0,0,2025-08-11 20:11:42,18.329999923706055
0,0,0,0,5,4,0,13,0,0,GENERIC,61.77000045776367,5.388555,-73.6942567,0,0,39,0,0,2025-08-11 20:11:47,18.360000610351562
0,0,0,0,5,4,0,14,0,0,GENERIC,61.65999984741211,5.388555,-73.6942567,0,0,39,0,0,2025-08-11 20:11:52,18.389999389648438
0,0,0,0,5,4,0,13,0,0,GENERIC,61.310001373291016,5.388555,-73.6942567,0,0,39,0,0,2025-08-11 20:11:57,18.389999389648438
0,0,0,0,4,4,0,14,0,0,GENERIC,61.130001068115234,5.388555,-73.6942567,0,0,39,0,0,2025-08-11 20:12:02,18.399999618530273
0,0,0,0,5,5,0,13,0,0,GENERIC,60.939998626708984,5.388555,-73.6942567,0,0,39,0,0,2025-08-11 20:12:07,18.43000030517578
0,0,0,0,4,3,0,13,0,0,GENERIC,60.63999938964844,5.388555,-73.6942567,0,0,39,0,0,2025-08-11 20:12:12,18.440000534057617
0,0,0,0,6,4,0,14,0,0,GENERIC,60.5099983215332,5.388555,-73.6942567,0,0,39,0,0,2025-08-11 20:12:17,18.440000534057617
0,0,0,0,5,3,0,13,0,0,GENERIC,60.40999984741211,5.388555,-73.6942567,0,0,39,0,0,2025-08-11 20:12:22,18.43000030517578
0,0,0,0,6,4,0,14,0,0,GENERIC,60.38999938964844,5.388555,-73.6942567,0,0,39,0,0,2025-08-11 20:12:27,18.399999618530273
0,0,0,0,4,4,0,14,0,0,GENERIC,60.529998779296875,5.388555,-73.6942567,0,0,39,0,0,2025-08-11 20:12:32,18.350000381469727
0,0,0,0,2,2,0,12,0,0,GENERIC,60.970001220703125,5.388555,-73.6942567,0,0,39,0,0,2025-08-11 20:12:37,18.350000381469727
0,0,0,0,3,3,0,13,0,0,GENERIC,61.41999816894531,5.388555,-73.6942567,0,0,39,0,0,2025-08-11 20:12:42,18.350000381469727
0,0,0,0,3,3,0,12,0,0,GENERIC,61.41999816894531,5.388555,-73.6942567,0,0,39,0,0,2025-08-11 20:12:47,18.389999389648438
0,0,0,0,3,3,0,12,0,0,GENERIC,61.720001220703125,5.3885494,-73.6942607,0,0,39,0,0,2025-08-11 20:12:52,18.329999923706055
0,0,0,0,3,3,0,13,0,0,GENERIC,61.650001525878906,5.38855,-73.6942583,0,0,39,0,0,2025-08-11 20:12:57,18.350000381469727
0,0,0,0,3,3,0,12,0,0,GENERIC,61.540000915527344,5.38855,-73.6942583,0,0,39,0,0,2025-08-11 20:13:02,18.360000610351562
0,0,0,0,2,2,0,14,0,0,GENERIC,61.5,5.38855,-73.6942583,0,0,39,0,0,2025-08-11 20:13:07,18.360000610351562
0,0,0,0,3,3,0,13,0,0,GENERIC,61.38999938964844,5.38855,-73.6942583,0,0,39,0,0,2025-08-11 20:13:12,18.329999923706055
0,0,0,0,3,3,0,13,0,0,GENERIC,61.43000030517578,5.38855,-73.6942583,0,0,39,0,0,2025-08-11 20:13:17,18.329999923706055
0,0,0,0,4,4,0,14,0,0,GENERIC,61.380001068115234,5.38855,-73.6942583,0,0,39,0,0,2025-08-11 20:13:22,18.350000381469727
0,0,0,0,4,3,0,13,0,0,GENERIC,61.31999969482422,5.38855,-73.6942583,0,0,39,0,0,2025-08-11 20:13:27,18.329999923706055
0,0,0,0,3,3,0,14,0,0,GENERIC,61.52000045776367,5.38855,-73.6942583,0,0,39,0,0,2025-08-11 20:13:32,18.329999923706055
0,0,0,0,4,4,0,15,0,0,GENERIC,61.619998931884766,5.38855,-73.6942583,0,0,39,0,0,2025-08-11 20:13:37,18.299999237060547
0,0,0,0,3,3,0,14,0,0,GENERIC,61.560001373291016,5.38855,-73.6942583,0,0,39,0,0,2025-08-11 20:13:42,18.299999237060547
0,0,0,0,4,3,0,15,0,0,GENERIC,61.470001220703125,5.38855,-73.6942583,0,0,39,0,0,2025-08-11 20:13:47,18.290000915527344
0,0,0,0,4,3,0,14,0,0,GENERIC,61.380001068115234,5.38855,-73.6942583,0,0,39,0,0,2025-08-11 20:13:52,18.239999771118164
0,0,0,0,3,3,0,14,0,0,GENERIC,61.279998779296875,5.38855,-73.6942583,0,0,39,0,0,2025-08-11 20:13:57,18.190000534057617
0,0,0,0,3,3,0,15,0,0,GENERIC,61.099998474121094,5.38855,-73.6942583,0,0,39,0,0,2025-08-11 20:14:02,18.18000030517578
0,0,0,0,1,1,0,14,0,0,GENERIC,61.0,5.38855,-73.6942583,0,0,39,0,0,2025-08-11 20:14:07,18.25
0,0,0,0,1,1,0,15,0,0,GENERIC,61.0,5.38855,-73.6942583,0,0,39,0,0,2025-08-11 20:14:12,18.239999771118164
0,0,0,0,1,1,0,14,0,0,GENERIC,61.040000915527344,5.38855,-73.6942583,0,0,39,0,0,2025-08-11 20:14:17,18.209999084472656
0,0,0,0,2,2,0,14,0,0,GENERIC,61.0099983215332,5.38855,-73.6942583,0,0,39,0,0,2025-08-11 20:14:22,18.209999084472656
0,0,0,0,2,2,0,15,0,0,GENERIC,61.060001373291016,5.38855,-73.6942583,0,0,39,0,0,2025-08-11 20:14:27,18.209999084472656
0,0,0,0,3,2,0,14,0,0,GENERIC,61.15999984741211,5.38855,-73.6942583,0,0,39,0,0,2025-08-11 20:14:32,18.239999771118164
0,0,0,0,3,2,0,14,0,0,GENERIC,61.2599983215332,5.38855,-73.6942583,0,0,39,0,0,2025-08-11 20:14:37,18.190000534057617
0,0,0,0,2,1,0,15,0,0,GENERIC,61.209999084472656,5.38855,-73.6942583,0,0,39,0,0,2025-08-11 20:14:42,18.190000534057617
0,0,0,0,2,2,0,14,0,0,GENERIC,61.20000076293945,5.38855,-73.6942583,0,0,39,0,0,2025-08-11 20:14:47,18.079999923706055
0,0,0,0,2,1,0,15,0,0,GENERIC,61.560001373291016,5.38855,-73.6942583,0,0,39,0,0,2025-08-11 20:14:52,18.059999465942383
0,0,0,0,2,1,0,14,0,0,GENERIC,61.790000915527344,5.38855,-73.6942583,0,0,39,0,0,2025-08-11 20:14:57,18.040000915527344
0,0,0,0,1,1,0,14,0,0,GENERIC,61.83000183105469,5.38855,-73.6942583,0,0,39,0,0,2025-08-11 20:15:02,18.010000228881836
0,0,0,0,1,1,0,15,0,0,GENERIC,61.869998931884766,5.38855,-73.6942583,0,0,39,0,0,2025-08-11 20:15:07,18.010000228881836
0,0,0,0,1,1,0,14,0,0,GENERIC,61.88999938964844,5.38855,-73.6942583,0,0,39,0,0,2025-08-11 20:15:12,17.969999313354492
0,0,0,0,3,1,0,15,0,0,GENERIC,61.93000030517578,5.38855,-73.6942583,0,0,39,0,0,2025-08-11 20:15:17,18.020000457763672
0,0,0,0,3,2,0,15,0,0,GENERIC,61.959999084472656,5.38855,-73.6942583,0,0,39,0,0,2025-08-11 20:15:22,18.049999237060547
0,0,0,0,4,3,0,13,0,0,GENERIC,61.939998626708984,5.38855,-73.6942583,0,0,39,0,0,2025-08-11 20:15:27,18.020000457763672
0,0,0,0,3,3,0,14,0,0,GENERIC,61.79999923706055,5.38855,-73.6942583,0,0,39,0,0,2025-08-11 20:15:32,18.020000457763672
0,0,0,0,4,3,0,14,0,0,GENERIC,61.77000045776367,5.3885478,-73.6942561,0,0,39,0,0,2025-08-11 20:15:37,18.020000457763672
0,0,0,0,4,3,0,13,0,0,GENERIC,61.779998779296875,5.3885432,-73.6942547,0,0,39,0,0,2025-08-11 20:15:42,18.040000915527344
0,0,0,0,3,2,0,14,0,0,GENERIC,61.84000015258789,5.3885401,-73.6942538,0,0,39,0,0,2025-08-11 20:15:47,18.079999923706055
0,0,0,0,3,3,0,13,0,0,GENERIC,61.70000076293945,5.3885398,-73.6942643,0,0,40,0,0,2025-08-11 20:15:52,18.100000381469727
0,0,0,0,2,1,0,14,0,0,GENERIC,61.68000030517578,5.3885405,-73.6942665,0,0,40,0,0,2025-08-11 20:15:57,18.100000381469727
